match,market,signal,old,new,old_side,new_side
BAL Ravens vs. TEN Titans,spread,MAIN_LINE_MOVE,-10.5,-11.5,BAL Ravens,BAL Ravens
BAL Ravens vs. TEN Titans,total,MAIN_LINE_MOVE,44.5,43.5,,
BUF Bills vs. LA Chargers,total,MAIN_LINE_MOVE,50.5,50.0,,
BUF Bills vs. NE Patriots,spread,MAIN_LINE_MOVE,-5.5,-6.5,BUF Bills,BUF Bills
CAR Panthers vs. DET Lions,spread,MAIN_LINE_MOVE,-2.5,-3.0,DET Lions,DET Lions
CAR Panthers vs. DET Lions,total,MAIN_LINE_MOVE,49.0,50.0,,
CHI Bears vs. NY Jets,total,MAIN_LINE_MOVE,43.5,43.0,,
CHI Bears vs. PHI Eagles,total,MAIN_LINE_MOVE,43.5,41.5,,
CIN Bengals vs. JAX Jaguars,spread,MAIN_LINE_MOVE,-3.0,-2.0,CIN Bengals,CIN Bengals
CIN Bengals vs. JAX Jaguars,total,MAIN_LINE_MOVE,50.5,51.0,,
CLE Browns vs. CAR Panthers,spread,MAIN_LINE_MOVE,-3.0,-2.0,CAR Panthers,CAR Panthers
CLE Browns vs. CAR Panthers,total,MAIN_LINE_MOVE,41.5,42.0,,
CLE Browns vs. PIT Steelers,total,MAIN_LINE_MOVE,37.5,38.0,,
DAL Cowboys vs. BAL Ravens,spread,MAIN_LINE_MOVE,-2.5,-3.0,BAL Ravens,BAL Ravens
DAL Cowboys vs. BAL Ravens,total,MAIN_LINE_MOVE,52.5,54.5,,
DEN Broncos vs. LA Rams,spread,MAIN_LINE_MOVE,-2.5,-1.0,LA Rams,LA Rams
DEN Broncos vs. LA Rams,total,MAIN_LINE_MOVE,45.5,44.0,,
DET Lions vs. NY Jets,total,MAIN_LINE_MOVE,48.0,49.0,,
GB Packers vs. ATL Falcons,spread,MAIN_LINE_MOVE,-6.5,-4.5,GB Packers,GB Packers
GB Packers vs. ATL Falcons,total,MAIN_LINE_MOVE,44.5,43.0,,
IND Colts vs. HOU Texans,spread,MAIN_LINE_MOVE,-2.5,-1.5,HOU Texans,HOU Texans
IND Colts vs. HOU Texans,total,MAIN_LINE_MOVE,45.0,42.5,,
JAX Jaguars vs. NE Patriots,total,MAIN_LINE_MOVE,45.0,46.0,,
LA Rams vs. NY Giants,total,MAIN_LINE_MOVE,47.5,47.0,,
LV Raiders vs. KC Chiefs,spread,MAIN_LINE_MOVE,-5.0,-4.5,KC Chiefs,KC Chiefs
LV Raiders vs. KC Chiefs,total,MAIN_LINE_MOVE,45.5,46.5,,
MIA Dolphins vs. KC Chiefs,spread,MAIN_LINE_MOVE,-10.5,-9.5,KC Chiefs,KC Chiefs
MIA Dolphins vs. KC Chiefs,total,MAIN_LINE_MOVE,46.0,45.5,,
MIN Vikings vs. MIA Dolphins,spread,MAIN_LINE_MOVE,-10.5,-10.0,MIN Vikings,MIN Vikings
NO Saints vs. LV Raiders,spread,MAIN_LINE_MOVE,-3.0,-3.5,NO Saints,NO Saints
NO Saints vs. LV Raiders,total,MAIN_LINE_MOVE,44.0,43.5,,
NY Giants vs. ARZ Cardinals,spread,MAIN_LINE_MOVE,-2.5,-2.0,NY Giants,NY Giants
NY Giants vs. TEN Titans,spread,MAIN_LINE_MOVE,-5.5,-2.5,NY Giants,NY Giants
NY Giants vs. TEN Titans,total,MAIN_LINE_MOVE,43.0,37.5,,
SF 49ers vs. ARZ Cardinals,spread,MAIN_LINE_MOVE,-8.5,-7.5,SF 49ers,SF 49ers
SF 49ers vs. ARZ Cardinals,total,MAIN_LINE_MOVE,48.0,49.0,,
TB Buccaneers vs. MIN Vikings,spread,MAIN_LINE_MOVE,-2.5,-1.0,MIN Vikings,MIN Vikings
TB Buccaneers vs. MIN Vikings,total,MAIN_LINE_MOVE,43.5,42.5,,
WAS Commanders vs. IND Colts,spread,MAIN_LINE_MOVE,-4.5,-3.0,IND Colts,IND Colts
WAS Commanders vs. IND Colts,total,MAIN_LINE_MOVE,46.5,47.5,,
WAS Commanders vs. SEA Seahawks,spread,MAIN_LINE_MOVE,-6.5,-8.5,SEA Seahawks,SEA Seahawks
WAS Commanders vs. SEA Seahawks,total,MAIN_LINE_MOVE,40.5,40.0,,
