event_id,match,start_date,market_type,market_name,market_type_id,sport_market_id,market_id,market_sv,odd_id,selection,line,price,odd_status,is_main_bet
17856295,Hawaii Rainbow Warriors vs. San Jose State Spartans,2026-10-04T04:00:00Z,moneyline,Vainqueur (prolongations incluses),219,70793,1752994647,,4565963086,San Jose State Spartans,,2.1,0,False
17856295,Hawaii Rainbow Warriors vs. San Jose State Spartans,2026-10-04T04:00:00Z,moneyline,Vainqueur (prolongations incluses),219,70793,1752994647,,4565963087,Hawaii Rainbow Warriors,,1.625,0,False
17856295,Hawaii Rainbow Warriors vs. San Jose State Spartans,2026-10-04T04:00:00Z,spread,Handicap (inclus prolongations),223,70799,1754195300,-2.5,4573395276,San Jose State Spartans (+9.5),-9.5,1.2667,0,False
17856295,Hawaii Rainbow Warriors vs. San Jose State Spartans,2026-10-04T04:00:00Z,spread,Handicap (inclus prolongations),223,70799,1754195300,-2.5,4573395302,San Jose State Spartans (+16.5),-16.5,1.0834,0,False
17856295,Hawaii Rainbow Warriors vs. San Jose State Spartans,2026-10-04T04:00:00Z,spread,Handicap (inclus prolongations),223,70799,1754195300,-2.5,4565963292,Hawaii Rainbow Warriors (-4.5),-4.5,2.25,0,False
17856295,Hawaii Rainbow Warriors vs. San Jose State Spartans,2026-10-04T04:00:00Z,spread,Handicap (inclus prolongations),223,70799,1754195300,-2.5,4565963293,San Jose State Spartans (+4.5),-4.5,1.5715,0,False
17856295,Hawaii Rainbow Warriors vs. San Jose State Spartans,2026-10-04T04:00:00Z,spread,Handicap (inclus prolongations),223,70799,1754195300,-2.5,4573395308,San Jose State Spartans (+17.5),-17.5,1.0625,0,False
17856295,Hawaii Rainbow Warriors vs. San Jose State Spartans,2026-10-04T04:00:00Z,spread,Handicap (inclus prolongations),223,70799,1754195300,-2.5,4573395298,San Jose State Spartans (+14.5),-14.5,1.1112,0,False
17856295,Hawaii Rainbow Warriors vs. San Jose State Spartans,2026-10-04T04:00:00Z,spread,Handicap (inclus prolongations),223,70799,1754195300,-2.5,4573395300,San Jose State Spartans (+18.5),-18.5,1.05,0,False
17856295,Hawaii Rainbow Warriors vs. San Jose State Spartans,2026-10-04T04:00:00Z,spread,Handicap (inclus prolongations),223,70799,1754195300,-2.5,4573395267,Hawaii Rainbow Warriors (-15.5),-15.5,6.5,0,False
17856295,Hawaii Rainbow Warriors vs. San Jose State Spartans,2026-10-04T04:00:00Z,spread,Handicap (inclus prolongations),223,70799,1754195300,-2.5,4573395268,San Jose State Spartans (+15.5),-15.5,1.1,0,False
17856295,Hawaii Rainbow Warriors vs. San Jose State Spartans,2026-10-04T04:00:00Z,spread,Handicap (inclus prolongations),223,70799,1754195300,-2.5,4573395269,San Jose State Spartans (-4.5),+4.5,3.1,0,False
17856295,Hawaii Rainbow Warriors vs. San Jose State Spartans,2026-10-04T04:00:00Z,spread,Handicap (inclus prolongations),223,70799,1754195300,-2.5,4573395270,Hawaii Rainbow Warriors (+4.5),+4.5,1.3334,0,False
17856295,Hawaii Rainbow Warriors vs. San Jose State Spartans,2026-10-04T04:00:00Z,spread,Handicap (inclus prolongations),223,70799,1754195300,-2.5,4573395271,Hawaii Rainbow Warriors (-8.5),-8.5,3.25,0,False
17856295,Hawaii Rainbow Warriors vs. San Jose State Spartans,2026-10-04T04:00:00Z,spread,Handicap (inclus prolongations),223,70799,1754195300,-2.5,4573395272,San Jose State Spartans (+8.5),-8.5,1.3031,0,False
17856295,Hawaii Rainbow Warriors vs. San Jose State Spartans,2026-10-04T04:00:00Z,spread,Handicap (inclus prolongations),223,70799,1754195300,-2.5,4573395273,San Jose State Spartans (-8.5),+8.5,4.75,0,False
17856295,Hawaii Rainbow Warriors vs. San Jose State Spartans,2026-10-04T04:00:00Z,spread,Handicap (inclus prolongations),223,70799,1754195300,-2.5,4573395274,Hawaii Rainbow Warriors (+8.5),+8.5,1.1539,0,False
17856295,Hawaii Rainbow Warriors vs. San Jose State Spartans,2026-10-04T04:00:00Z,spread,Handicap (inclus prolongations),223,70799,1754195300,-2.5,4573395275,Hawaii Rainbow Warriors (-9.5),-9.5,3.5,0,False
17856295,Hawaii Rainbow Warriors vs. San Jose State Spartans,2026-10-04T04:00:00Z,spread,Handicap (inclus prolongations),223,70799,1754195300,-2.5,4566368076,Hawaii Rainbow Warriors (-3.5),-3.5,2.1,0,False
17856295,Hawaii Rainbow Warriors vs. San Jose State Spartans,2026-10-04T04:00:00Z,spread,Handicap (inclus prolongations),223,70799,1754195300,-2.5,4573395277,Hawaii Rainbow Warriors (-6.5),-6.5,2.6,0,False
17856295,Hawaii Rainbow Warriors vs. San Jose State Spartans,2026-10-04T04:00:00Z,spread,Handicap (inclus prolongations),223,70799,1754195300,-2.5,4566368075,San Jose State Spartans (+3.5),-3.5,1.6667,0,False
17856295,Hawaii Rainbow Warriors vs. San Jose State Spartans,2026-10-04T04:00:00Z,spread,Handicap (inclus prolongations),223,70799,1754195300,-2.5,4573395279,San Jose State Spartans (+1.5),-1.5,2.05,0,False
17856295,Hawaii Rainbow Warriors vs. San Jose State Spartans,2026-10-04T04:00:00Z,spread,Handicap (inclus prolongations),223,70799,1754195300,-2.5,4573395280,Hawaii Rainbow Warriors (-1.5),-1.5,1.6897,0,False
17856295,Hawaii Rainbow Warriors vs. San Jose State Spartans,2026-10-04T04:00:00Z,spread,Handicap (inclus prolongations),223,70799,1754195300,-2.5,4573395278,San Jose State Spartans (+6.5),-6.5,1.4546,0,False
17856295,Hawaii Rainbow Warriors vs. San Jose State Spartans,2026-10-04T04:00:00Z,spread,Handicap (inclus prolongations),223,70799,1754195300,-2.5,4573395282,Hawaii Rainbow Warriors (-7.5),-7.5,3.1,0,False
17856295,Hawaii Rainbow Warriors vs. San Jose State Spartans,2026-10-04T04:00:00Z,spread,Handicap (inclus prolongations),223,70799,1754195300,-2.5,4573395283,San Jose State Spartans (-9.5),+9.5,5.0,0,False
17856295,Hawaii Rainbow Warriors vs. San Jose State Spartans,2026-10-04T04:00:00Z,spread,Handicap (inclus prolongations),223,70799,1754195300,-2.5,4573395284,Hawaii Rainbow Warriors (+9.5),+9.5,1.1429,0,False
17856295,Hawaii Rainbow Warriors vs. San Jose State Spartans,2026-10-04T04:00:00Z,spread,Handicap (inclus prolongations),223,70799,1754195300,-2.5,4573395285,San Jose State Spartans (-2.5),+2.5,2.4,0,False
17856295,Hawaii Rainbow Warriors vs. San Jose State Spartans,2026-10-04T04:00:00Z,spread,Handicap (inclus prolongations),223,70799,1754195300,-2.5,4573395286,Hawaii Rainbow Warriors (+2.5),+2.5,1.5264,0,False
17856295,Hawaii Rainbow Warriors vs. San Jose State Spartans,2026-10-04T04:00:00Z,spread,Handicap (inclus prolongations),223,70799,1754195300,-2.5,4569466711,Hawaii Rainbow Warriors (-2.5),-2.5,1.7693,0,True
17856295,Hawaii Rainbow Warriors vs. San Jose State Spartans,2026-10-04T04:00:00Z,spread,Handicap (inclus prolongations),223,70799,1754195300,-2.5,4573395288,Hawaii Rainbow Warriors (+3.5),+3.5,1.3847,0,False
17856295,Hawaii Rainbow Warriors vs. San Jose State Spartans,2026-10-04T04:00:00Z,spread,Handicap (inclus prolongations),223,70799,1754195300,-2.5,4573395289,Hawaii Rainbow Warriors (+6.5),+6.5,1.25,0,False
17856295,Hawaii Rainbow Warriors vs. San Jose State Spartans,2026-10-04T04:00:00Z,spread,Handicap (inclus prolongations),223,70799,1754195300,-2.5,4573395290,San Jose State Spartans (-6.5),+6.5,3.7,0,False
17856295,Hawaii Rainbow Warriors vs. San Jose State Spartans,2026-10-04T04:00:00Z,spread,Handicap (inclus prolongations),223,70799,1754195300,-2.5,4573395287,San Jose State Spartans (-3.5),+3.5,2.85,0,False
17856295,Hawaii Rainbow Warriors vs. San Jose State Spartans,2026-10-04T04:00:00Z,spread,Handicap (inclus prolongations),223,70799,1754195300,-2.5,4573395292,Hawaii Rainbow Warriors (+1.5),+1.5,1.5556,0,False
17856295,Hawaii Rainbow Warriors vs. San Jose State Spartans,2026-10-04T04:00:00Z,spread,Handicap (inclus prolongations),223,70799,1754195300,-2.5,4573395293,San Jose State Spartans (-7.5),+7.5,4.4,0,False
17856295,Hawaii Rainbow Warriors vs. San Jose State Spartans,2026-10-04T04:00:00Z,spread,Handicap (inclus prolongations),223,70799,1754195300,-2.5,4573395294,Hawaii Rainbow Warriors (+7.5),+7.5,1.1819,0,False
17856295,Hawaii Rainbow Warriors vs. San Jose State Spartans,2026-10-04T04:00:00Z,spread,Handicap (inclus prolongations),223,70799,1754195300,-2.5,4573395295,San Jose State Spartans (-5.5),+5.5,3.4,0,False
17856295,Hawaii Rainbow Warriors vs. San Jose State Spartans,2026-10-04T04:00:00Z,spread,Handicap (inclus prolongations),223,70799,1754195300,-2.5,4573395296,Hawaii Rainbow Warriors (+5.5),+5.5,1.2858,0,False
17856295,Hawaii Rainbow Warriors vs. San Jose State Spartans,2026-10-04T04:00:00Z,spread,Handicap (inclus prolongations),223,70799,1754195300,-2.5,4573395297,Hawaii Rainbow Warriors (-14.5),-14.5,6.0,0,False
17856295,Hawaii Rainbow Warriors vs. San Jose State Spartans,2026-10-04T04:00:00Z,spread,Handicap (inclus prolongations),223,70799,1754195300,-2.5,4573395291,San Jose State Spartans (-1.5),+1.5,2.3,0,False
17856295,Hawaii Rainbow Warriors vs. San Jose State Spartans,2026-10-04T04:00:00Z,spread,Handicap (inclus prolongations),223,70799,1754195300,-2.5,4573395299,Hawaii Rainbow Warriors (-18.5),-18.5,8.5,0,False
17856295,Hawaii Rainbow Warriors vs. San Jose State Spartans,2026-10-04T04:00:00Z,spread,Handicap (inclus prolongations),223,70799,1754195300,-2.5,4573395281,San Jose State Spartans (+7.5),-7.5,1.3334,0,False
17856295,Hawaii Rainbow Warriors vs. San Jose State Spartans,2026-10-04T04:00:00Z,spread,Handicap (inclus prolongations),223,70799,1754195300,-2.5,4573395301,Hawaii Rainbow Warriors (-16.5),-16.5,7.0,0,False
17856295,Hawaii Rainbow Warriors vs. San Jose State Spartans,2026-10-04T04:00:00Z,spread,Handicap (inclus prolongations),223,70799,1754195300,-2.5,4573395306,San Jose State Spartans (+13.5),-13.5,1.1429,0,False
17856295,Hawaii Rainbow Warriors vs. San Jose State Spartans,2026-10-04T04:00:00Z,spread,Handicap (inclus prolongations),223,70799,1754195300,-2.5,4573395303,San Jose State Spartans (-13.5),+13.5,7.5,0,False
17856295,Hawaii Rainbow Warriors vs. San Jose State Spartans,2026-10-04T04:00:00Z,spread,Handicap (inclus prolongations),223,70799,1754195300,-2.5,4573395304,Hawaii Rainbow Warriors (+13.5),+13.5,1.0715,0,False
17856295,Hawaii Rainbow Warriors vs. San Jose State Spartans,2026-10-04T04:00:00Z,spread,Handicap (inclus prolongations),223,70799,1754195300,-2.5,4573395305,Hawaii Rainbow Warriors (-13.5),-13.5,5.0,0,False
17856295,Hawaii Rainbow Warriors vs. San Jose State Spartans,2026-10-04T04:00:00Z,spread,Handicap (inclus prolongations),223,70799,1754195300,-2.5,4565963882,Hawaii Rainbow Warriors (-5.5),-5.5,2.4,0,False
17856295,Hawaii Rainbow Warriors vs. San Jose State Spartans,2026-10-04T04:00:00Z,spread,Handicap (inclus prolongations),223,70799,1754195300,-2.5,4573395307,Hawaii Rainbow Warriors (-17.5),-17.5,8.0,0,False
17856295,Hawaii Rainbow Warriors vs. San Jose State Spartans,2026-10-04T04:00:00Z,spread,Handicap (inclus prolongations),223,70799,1754195300,-2.5,4569466710,San Jose State Spartans (+2.5),-2.5,1.9091,0,True
17856295,Hawaii Rainbow Warriors vs. San Jose State Spartans,2026-10-04T04:00:00Z,spread,Handicap (inclus prolongations),223,70799,1754195300,-2.5,4573395309,San Jose State Spartans (-12.5),+12.5,7.0,0,False
17856295,Hawaii Rainbow Warriors vs. San Jose State Spartans,2026-10-04T04:00:00Z,spread,Handicap (inclus prolongations),223,70799,1754195300,-2.5,4573395310,Hawaii Rainbow Warriors (+12.5),+12.5,1.0834,0,False
17856295,Hawaii Rainbow Warriors vs. San Jose State Spartans,2026-10-04T04:00:00Z,spread,Handicap (inclus prolongations),223,70799,1754195300,-2.5,4573395311,Hawaii Rainbow Warriors (-12.5),-12.5,4.4,0,False
17856295,Hawaii Rainbow Warriors vs. San Jose State Spartans,2026-10-04T04:00:00Z,spread,Handicap (inclus prolongations),223,70799,1754195300,-2.5,4565963883,San Jose State Spartans (+5.5),-5.5,1.5264,0,False
17856295,Hawaii Rainbow Warriors vs. San Jose State Spartans,2026-10-04T04:00:00Z,spread,Handicap (inclus prolongations),223,70799,1754195300,-2.5,4573395313,San Jose State Spartans (-10.5),+10.5,6.0,0,False
17856295,Hawaii Rainbow Warriors vs. San Jose State Spartans,2026-10-04T04:00:00Z,spread,Handicap (inclus prolongations),223,70799,1754195300,-2.5,4573395314,Hawaii Rainbow Warriors (+10.5),+10.5,1.1112,0,False
17856295,Hawaii Rainbow Warriors vs. San Jose State Spartans,2026-10-04T04:00:00Z,spread,Handicap (inclus prolongations),223,70799,1754195300,-2.5,4573395315,Hawaii Rainbow Warriors (+11.5),+11.5,1.1,0,False
17856295,Hawaii Rainbow Warriors vs. San Jose State Spartans,2026-10-04T04:00:00Z,spread,Handicap (inclus prolongations),223,70799,1754195300,-2.5,4573395316,San Jose State Spartans (-11.5),+11.5,6.5,0,False
17856295,Hawaii Rainbow Warriors vs. San Jose State Spartans,2026-10-04T04:00:00Z,spread,Handicap (inclus prolongations),223,70799,1754195300,-2.5,4573395317,San Jose State Spartans (+10.5),-10.5,1.2223,0,False
17856295,Hawaii Rainbow Warriors vs. San Jose State Spartans,2026-10-04T04:00:00Z,spread,Handicap (inclus prolongations),223,70799,1754195300,-2.5,4573395318,Hawaii Rainbow Warriors (-10.5),-10.5,4.0,0,False
17856295,Hawaii Rainbow Warriors vs. San Jose State Spartans,2026-10-04T04:00:00Z,spread,Handicap (inclus prolongations),223,70799,1754195300,-2.5,4573395319,San Jose State Spartans (+11.5),-11.5,1.2,0,False
17856295,Hawaii Rainbow Warriors vs. San Jose State Spartans,2026-10-04T04:00:00Z,spread,Handicap (inclus prolongations),223,70799,1754195300,-2.5,4573395320,Hawaii Rainbow Warriors (-11.5),-11.5,4.2,0,False
17856295,Hawaii Rainbow Warriors vs. San Jose State Spartans,2026-10-04T04:00:00Z,spread,Handicap (inclus prolongations),223,70799,1754195300,-2.5,4573395312,San Jose State Spartans (+12.5),-12.5,1.1819,0,False
17856295,Hawaii Rainbow Warriors vs. San Jose State Spartans,2026-10-04T04:00:00Z,total,Total (prolongations incluses),225,70803,1755482283,50.5,4573395328,Moins de 58.5,58.5,1.3847,0,False
17856295,Hawaii Rainbow Warriors vs. San Jose State Spartans,2026-10-04T04:00:00Z,total,Total (prolongations incluses),225,70803,1755482283,50.5,4573395329,Plus de 48.5,48.5,1.6897,0,False
17856295,Hawaii Rainbow Warriors vs. San Jose State Spartans,2026-10-04T04:00:00Z,total,Total (prolongations incluses),225,70803,1755482283,50.5,4573395330,Moins de 48.5,48.5,2.05,0,False
17856295,Hawaii Rainbow Warriors vs. San Jose State Spartans,2026-10-04T04:00:00Z,total,Total (prolongations incluses),225,70803,1755482283,50.5,4573395331,Moins de 38.5,38.5,3.75,0,False
17856295,Hawaii Rainbow Warriors vs. San Jose State Spartans,2026-10-04T04:00:00Z,total,Total (prolongations incluses),225,70803,1755482283,50.5,4573395332,Plus de 38.5,38.5,1.2353,0,False
17856295,Hawaii Rainbow Warriors vs. San Jose State Spartans,2026-10-04T04:00:00Z,total,Total (prolongations incluses),225,70803,1755482283,50.5,4573395333,Moins de 55.5,55.5,1.5,0,False
17856295,Hawaii Rainbow Warriors vs. San Jose State Spartans,2026-10-04T04:00:00Z,total,Total (prolongations incluses),225,70803,1755482283,50.5,4573395334,Plus de 55.5,55.5,2.5,0,False
17856295,Hawaii Rainbow Warriors vs. San Jose State Spartans,2026-10-04T04:00:00Z,total,Total (prolongations incluses),225,70803,1755482283,50.5,4573395335,Moins de 45.5,45.5,2.4,0,False
17856295,Hawaii Rainbow Warriors vs. San Jose State Spartans,2026-10-04T04:00:00Z,total,Total (prolongations incluses),225,70803,1755482283,50.5,4573395336,Plus de 45.5,45.5,1.5264,0,False
17856295,Hawaii Rainbow Warriors vs. San Jose State Spartans,2026-10-04T04:00:00Z,total,Total (prolongations incluses),225,70803,1755482283,50.5,4573395337,Moins de 65.5,65.5,1.1667,0,False
17856295,Hawaii Rainbow Warriors vs. San Jose State Spartans,2026-10-04T04:00:00Z,total,Total (prolongations incluses),225,70803,1755482283,50.5,4573395338,Plus de 65.5,65.5,4.5,0,False
17856295,Hawaii Rainbow Warriors vs. San Jose State Spartans,2026-10-04T04:00:00Z,total,Total (prolongations incluses),225,70803,1755482283,50.5,4573395339,Plus de 54.5,54.5,2.25,0,False
17856295,Hawaii Rainbow Warriors vs. San Jose State Spartans,2026-10-04T04:00:00Z,total,Total (prolongations incluses),225,70803,1755482283,50.5,4573395340,Moins de 54.5,54.5,1.5715,0,False
17856295,Hawaii Rainbow Warriors vs. San Jose State Spartans,2026-10-04T04:00:00Z,total,Total (prolongations incluses),225,70803,1755482283,50.5,4573395341,Plus de 44.5,44.5,1.4762,0,False
17856295,Hawaii Rainbow Warriors vs. San Jose State Spartans,2026-10-04T04:00:00Z,total,Total (prolongations incluses),225,70803,1755482283,50.5,4573395342,Moins de 44.5,44.5,2.55,0,False
17856295,Hawaii Rainbow Warriors vs. San Jose State Spartans,2026-10-04T04:00:00Z,total,Total (prolongations incluses),225,70803,1755482283,50.5,4573395343,Plus de 64.5,64.5,4.2,0,False
17856295,Hawaii Rainbow Warriors vs. San Jose State Spartans,2026-10-04T04:00:00Z,total,Total (prolongations incluses),225,70803,1755482283,50.5,4573395344,Moins de 64.5,64.5,1.2,0,False
17856295,Hawaii Rainbow Warriors vs. San Jose State Spartans,2026-10-04T04:00:00Z,total,Total (prolongations incluses),225,70803,1755482283,50.5,4573395345,Plus de 57.5,57.5,2.65,0,False
17856295,Hawaii Rainbow Warriors vs. San Jose State Spartans,2026-10-04T04:00:00Z,total,Total (prolongations incluses),225,70803,1755482283,50.5,4573395346,Moins de 57.5,57.5,1.4348,0,False
17856295,Hawaii Rainbow Warriors vs. San Jose State Spartans,2026-10-04T04:00:00Z,total,Total (prolongations incluses),225,70803,1755482283,50.5,4573395347,Plus de 47.5,47.5,1.6451,0,False
17856295,Hawaii Rainbow Warriors vs. San Jose State Spartans,2026-10-04T04:00:00Z,total,Total (prolongations incluses),225,70803,1755482283,50.5,4573395348,Moins de 47.5,47.5,2.15,0,False
17856295,Hawaii Rainbow Warriors vs. San Jose State Spartans,2026-10-04T04:00:00Z,total,Total (prolongations incluses),225,70803,1755482283,50.5,4573395349,Plus de 37.5,37.5,1.2223,0,False
17856295,Hawaii Rainbow Warriors vs. San Jose State Spartans,2026-10-04T04:00:00Z,total,Total (prolongations incluses),225,70803,1755482283,50.5,4573395350,Moins de 37.5,37.5,4.0,0,False
17856295,Hawaii Rainbow Warriors vs. San Jose State Spartans,2026-10-04T04:00:00Z,total,Total (prolongations incluses),225,70803,1755482283,50.5,4573395351,Plus de 56.5,56.5,2.55,0,False
17856295,Hawaii Rainbow Warriors vs. San Jose State Spartans,2026-10-04T04:00:00Z,total,Total (prolongations incluses),225,70803,1755482283,50.5,4573395352,Moins de 56.5,56.5,1.4762,0,False
17856295,Hawaii Rainbow Warriors vs. San Jose State Spartans,2026-10-04T04:00:00Z,total,Total (prolongations incluses),225,70803,1755482283,50.5,4573395353,Plus de 46.5,46.5,1.5556,0,False
17856295,Hawaii Rainbow Warriors vs. San Jose State Spartans,2026-10-04T04:00:00Z,total,Total (prolongations incluses),225,70803,1755482283,50.5,4573395354,Moins de 46.5,46.5,2.3,0,False
17856295,Hawaii Rainbow Warriors vs. San Jose State Spartans,2026-10-04T04:00:00Z,total,Total (prolongations incluses),225,70803,1755482283,50.5,4573395357,Moins de 36.5,36.5,4.75,0,False
17856295,Hawaii Rainbow Warriors vs. San Jose State Spartans,2026-10-04T04:00:00Z,total,Total (prolongations incluses),225,70803,1755482283,50.5,4573395358,Plus de 36.5,36.5,1.1539,0,False
17856295,Hawaii Rainbow Warriors vs. San Jose State Spartans,2026-10-04T04:00:00Z,total,Total (prolongations incluses),225,70803,1755482283,50.5,4573395359,Plus de 61.5,61.5,3.4,0,False
17856295,Hawaii Rainbow Warriors vs. San Jose State Spartans,2026-10-04T04:00:00Z,total,Total (prolongations incluses),225,70803,1755482283,50.5,4573395360,Moins de 61.5,61.5,1.2858,0,False
17856295,Hawaii Rainbow Warriors vs. San Jose State Spartans,2026-10-04T04:00:00Z,total,Total (prolongations incluses),225,70803,1755482283,50.5,4573395361,Moins de 63.5,63.5,1.2223,0,False
17856295,Hawaii Rainbow Warriors vs. San Jose State Spartans,2026-10-04T04:00:00Z,total,Total (prolongations incluses),225,70803,1755482283,50.5,4573395362,Plus de 63.5,63.5,4.0,0,False
17856295,Hawaii Rainbow Warriors vs. San Jose State Spartans,2026-10-04T04:00:00Z,total,Total (prolongations incluses),225,70803,1755482283,50.5,4573395363,Plus de 60.5,60.5,3.2,0,False
17856295,Hawaii Rainbow Warriors vs. San Jose State Spartans,2026-10-04T04:00:00Z,total,Total (prolongations incluses),225,70803,1755482283,50.5,4573395364,Moins de 60.5,60.5,1.3125,0,False
17856295,Hawaii Rainbow Warriors vs. San Jose State Spartans,2026-10-04T04:00:00Z,total,Total (prolongations incluses),225,70803,1755482283,50.5,4573395365,Moins de 62.5,62.5,1.25,0,False
17856295,Hawaii Rainbow Warriors vs. San Jose State Spartans,2026-10-04T04:00:00Z,total,Total (prolongations incluses),225,70803,1755482283,50.5,4573395366,Plus de 62.5,62.5,3.7,0,False
17856295,Hawaii Rainbow Warriors vs. San Jose State Spartans,2026-10-04T04:00:00Z,total,Total (prolongations incluses),225,70803,1755482283,50.5,4573395367,Plus de 42.5,42.5,1.3637,0,False
17856295,Hawaii Rainbow Warriors vs. San Jose State Spartans,2026-10-04T04:00:00Z,total,Total (prolongations incluses),225,70803,1755482283,50.5,4573395368,Moins de 42.5,42.5,2.9,0,False
17856295,Hawaii Rainbow Warriors vs. San Jose State Spartans,2026-10-04T04:00:00Z,total,Total (prolongations incluses),225,70803,1755482283,50.5,4573395369,Plus de 40.5,40.5,1.2858,0,False
17856295,Hawaii Rainbow Warriors vs. San Jose State Spartans,2026-10-04T04:00:00Z,total,Total (prolongations incluses),225,70803,1755482283,50.5,4573395370,Moins de 40.5,40.5,3.4,0,False
17856295,Hawaii Rainbow Warriors vs. San Jose State Spartans,2026-10-04T04:00:00Z,total,Total (prolongations incluses),225,70803,1755482283,50.5,4573395371,Moins de 43.5,43.5,2.7,0,False
17856295,Hawaii Rainbow Warriors vs. San Jose State Spartans,2026-10-04T04:00:00Z,total,Total (prolongations incluses),225,70803,1755482283,50.5,4573395372,Plus de 43.5,43.5,1.4167,0,False
17856295,Hawaii Rainbow Warriors vs. San Jose State Spartans,2026-10-04T04:00:00Z,total,Total (prolongations incluses),225,70803,1755482283,50.5,4573395373,Plus de 41.5,41.5,1.3334,0,False
17856295,Hawaii Rainbow Warriors vs. San Jose State Spartans,2026-10-04T04:00:00Z,total,Total (prolongations incluses),225,70803,1755482283,50.5,4573395374,Moins de 41.5,41.5,3.1,0,False
17856295,Hawaii Rainbow Warriors vs. San Jose State Spartans,2026-10-04T04:00:00Z,total,Total (prolongations incluses),225,70803,1755482283,50.5,4573395375,Plus de 50.5,50.5,1.8334,0,True
17856295,Hawaii Rainbow Warriors vs. San Jose State Spartans,2026-10-04T04:00:00Z,total,Total (prolongations incluses),225,70803,1755482283,50.5,4573395376,Moins de 50.5,50.5,1.8334,0,True
17856295,Hawaii Rainbow Warriors vs. San Jose State Spartans,2026-10-04T04:00:00Z,total,Total (prolongations incluses),225,70803,1755482283,50.5,4573395377,Moins de 53.5,53.5,1.6451,0,False
17856295,Hawaii Rainbow Warriors vs. San Jose State Spartans,2026-10-04T04:00:00Z,total,Total (prolongations incluses),225,70803,1755482283,50.5,4573395378,Plus de 53.5,53.5,2.15,0,False
17856295,Hawaii Rainbow Warriors vs. San Jose State Spartans,2026-10-04T04:00:00Z,total,Total (prolongations incluses),225,70803,1755482283,50.5,4566370759,Plus de 51.5,51.5,1.9524,0,False
17856295,Hawaii Rainbow Warriors vs. San Jose State Spartans,2026-10-04T04:00:00Z,total,Total (prolongations incluses),225,70803,1755482283,50.5,4566370760,Moins de 51.5,51.5,1.7408,0,False
17856295,Hawaii Rainbow Warriors vs. San Jose State Spartans,2026-10-04T04:00:00Z,total,Total (prolongations incluses),225,70803,1755482283,50.5,4565963084,Plus de 52.5,52.5,2.1,0,False
17856295,Hawaii Rainbow Warriors vs. San Jose State Spartans,2026-10-04T04:00:00Z,total,Total (prolongations incluses),225,70803,1755482283,50.5,4565963085,Moins de 52.5,52.5,1.6667,0,False
17856295,Hawaii Rainbow Warriors vs. San Jose State Spartans,2026-10-04T04:00:00Z,total,Total (prolongations incluses),225,70803,1755482283,50.5,4583668560,Moins de 35.5,35.5,5.0,0,False
17856295,Hawaii Rainbow Warriors vs. San Jose State Spartans,2026-10-04T04:00:00Z,total,Total (prolongations incluses),225,70803,1755482283,50.5,4583668561,Plus de 35.5,35.5,1.1429,0,False
17856295,Hawaii Rainbow Warriors vs. San Jose State Spartans,2026-10-04T04:00:00Z,total,Total (prolongations incluses),225,70803,1755482283,50.5,4573395321,Moins de 39.5,39.5,3.5,0,False
17856295,Hawaii Rainbow Warriors vs. San Jose State Spartans,2026-10-04T04:00:00Z,total,Total (prolongations incluses),225,70803,1755482283,50.5,4573395322,Plus de 39.5,39.5,1.2667,0,False
17856295,Hawaii Rainbow Warriors vs. San Jose State Spartans,2026-10-04T04:00:00Z,total,Total (prolongations incluses),225,70803,1755482283,50.5,4573395323,Plus de 49.5,49.5,1.7693,0,False
17856295,Hawaii Rainbow Warriors vs. San Jose State Spartans,2026-10-04T04:00:00Z,total,Total (prolongations incluses),225,70803,1755482283,50.5,4573395324,Moins de 49.5,49.5,1.9091,0,False
17856295,Hawaii Rainbow Warriors vs. San Jose State Spartans,2026-10-04T04:00:00Z,total,Total (prolongations incluses),225,70803,1755482283,50.5,4573395325,Moins de 59.5,59.5,1.3334,0,False
17856295,Hawaii Rainbow Warriors vs. San Jose State Spartans,2026-10-04T04:00:00Z,total,Total (prolongations incluses),225,70803,1755482283,50.5,4573395326,Plus de 59.5,59.5,3.1,0,False
17856295,Hawaii Rainbow Warriors vs. San Jose State Spartans,2026-10-04T04:00:00Z,total,Total (prolongations incluses),225,70803,1755482283,50.5,4573395327,Plus de 58.5,58.5,2.85,0,False
17683179,Troy Trojans vs. Southern Miss Golden Eagles,2026-10-07T00:00:00Z,moneyline,Vainqueur (prolongations incluses),219,70793,1757254389,,4578985034,Southern Miss Golden Eagles,,3.4,0,False
17683179,Troy Trojans vs. Southern Miss Golden Eagles,2026-10-07T00:00:00Z,moneyline,Vainqueur (prolongations incluses),219,70793,1757254389,,4578985035,Troy Trojans,,1.25,0,False
17683179,Troy Trojans vs. Southern Miss Golden Eagles,2026-10-07T00:00:00Z,spread,Handicap (inclus prolongations),223,70799,1759627673,-9.5,4587192181,Troy Trojans (-9.5),-9.5,1.8334,0,True
17683179,Troy Trojans vs. Southern Miss Golden Eagles,2026-10-07T00:00:00Z,spread,Handicap (inclus prolongations),223,70799,1759627673,-9.5,4587192182,Southern Miss Golden Eagles (+9.5),-9.5,1.8334,0,True
17683179,Troy Trojans vs. Southern Miss Golden Eagles,2026-10-07T00:00:00Z,total,Total (prolongations incluses),225,70803,1757254390,48.5,4578985036,Plus de 48.5,48.5,1.8334,0,True
17683179,Troy Trojans vs. Southern Miss Golden Eagles,2026-10-07T00:00:00Z,total,Total (prolongations incluses),225,70803,1757254390,48.5,4578985037,Moins de 48.5,48.5,1.8334,0,True
17693215,Kennesaw State Owls vs. Jacksonville State Gamecocks,2026-10-07T23:00:00Z,moneyline,Vainqueur (prolongations incluses),219,70793,1757256635,,4578991158,Kennesaw State Owls,,2.1,0,False
17693215,Kennesaw State Owls vs. Jacksonville State Gamecocks,2026-10-07T23:00:00Z,moneyline,Vainqueur (prolongations incluses),219,70793,1757256635,,4578991159,Jacksonville State Gamecocks,,1.625,0,False
17693215,Kennesaw State Owls vs. Jacksonville State Gamecocks,2026-10-07T23:00:00Z,spread,Handicap (inclus prolongations),223,70799,1757256634,+2.5,4578991156,Jacksonville State Gamecocks (-2.5),+2.5,1.8,0,True
17693215,Kennesaw State Owls vs. Jacksonville State Gamecocks,2026-10-07T23:00:00Z,spread,Handicap (inclus prolongations),223,70799,1757256634,+2.5,4578991157,Kennesaw State Owls (+2.5),+2.5,1.8696,0,True
17693215,Kennesaw State Owls vs. Jacksonville State Gamecocks,2026-10-07T23:00:00Z,total,Total (prolongations incluses),225,70803,1757256637,48.5,4578991163,Plus de 48.5,48.5,1.8,0,True
17693215,Kennesaw State Owls vs. Jacksonville State Gamecocks,2026-10-07T23:00:00Z,total,Total (prolongations incluses),225,70803,1757256637,48.5,4578991164,Moins de 48.5,48.5,1.8696,0,True
17693214,FIU Panthers vs. New Mexico St Aggies,2026-10-07T23:30:00Z,moneyline,Vainqueur (prolongations incluses),219,70793,1761686655,,4592931177,FIU Panthers,,1.5715,0,False
17693214,FIU Panthers vs. New Mexico St Aggies,2026-10-07T23:30:00Z,moneyline,Vainqueur (prolongations incluses),219,70793,1761686655,,4592931178,New Mexico St Aggies,,2.2,0,False
17693214,FIU Panthers vs. New Mexico St Aggies,2026-10-07T23:30:00Z,spread,Handicap (inclus prolongations),223,70799,1761686654,-3.5,4592931176,New Mexico St Aggies (+3.5),-3.5,1.8334,0,True
17693214,FIU Panthers vs. New Mexico St Aggies,2026-10-07T23:30:00Z,spread,Handicap (inclus prolongations),223,70799,1761686654,-3.5,4592931175,FIU Panthers (-3.5),-3.5,1.8334,0,True
17693214,FIU Panthers vs. New Mexico St Aggies,2026-10-07T23:30:00Z,total,Total (prolongations incluses),225,70803,1761686653,47.5,4592931173,Plus de 47.5,47.5,1.8334,0,True
17693214,FIU Panthers vs. New Mexico St Aggies,2026-10-07T23:30:00Z,total,Total (prolongations incluses),225,70803,1761686653,47.5,4592931174,Moins de 47.5,47.5,1.8334,0,True
17714567,Washington Huskies vs. Iowa Hawkeyes,2026-10-10T01:00:00Z,moneyline,Vainqueur (prolongations incluses),219,70793,1757960387,,4581832216,Iowa Hawkeyes,,1.8696,7,False
17714567,Washington Huskies vs. Iowa Hawkeyes,2026-10-10T01:00:00Z,moneyline,Vainqueur (prolongations incluses),219,70793,1757960387,,4581832215,Washington Huskies,,1.8,7,False
17714567,Washington Huskies vs. Iowa Hawkeyes,2026-10-10T01:00:00Z,spread,Handicap (inclus prolongations),223,70799,1757960421,-1.5,4581832286,Washington Huskies (-1.5),-1.5,1.9091,7,True
17714567,Washington Huskies vs. Iowa Hawkeyes,2026-10-10T01:00:00Z,spread,Handicap (inclus prolongations),223,70799,1757960421,-1.5,4581832287,Iowa Hawkeyes (+1.5),-1.5,1.7693,7,True
17714567,Washington Huskies vs. Iowa Hawkeyes,2026-10-10T01:00:00Z,total,Total (prolongations incluses),225,70803,1757960661,41.5,4581832891,Plus de 41.5,41.5,1.8334,7,True
17714567,Washington Huskies vs. Iowa Hawkeyes,2026-10-10T01:00:00Z,total,Total (prolongations incluses),225,70803,1757960661,41.5,4581832892,Moins de 41.5,41.5,1.8334,7,True
17714568,BYU Cougars vs. Iowa State Cyclones,2026-10-10T02:15:00Z,moneyline,Vainqueur (prolongations incluses),219,70793,1757961722,,4581835808,Iowa State Cyclones,,5.0,7,False
17714568,BYU Cougars vs. Iowa State Cyclones,2026-10-10T02:15:00Z,moneyline,Vainqueur (prolongations incluses),219,70793,1757961722,,4581835807,BYU Cougars,,1.125,7,False
17714568,BYU Cougars vs. Iowa State Cyclones,2026-10-10T02:15:00Z,spread,Handicap (inclus prolongations),223,70799,1757961928,-14.5,4581836333,BYU Cougars (-14.5),-14.5,1.8334,7,True
17714568,BYU Cougars vs. Iowa State Cyclones,2026-10-10T02:15:00Z,spread,Handicap (inclus prolongations),223,70799,1757961928,-14.5,4581836334,Iowa State Cyclones (+14.5),-14.5,1.8334,7,True
17714568,BYU Cougars vs. Iowa State Cyclones,2026-10-10T02:15:00Z,total,Total (prolongations incluses),225,70803,1757962013,50.5,4581836526,Plus de 50.5,50.5,1.8334,7,True
17714568,BYU Cougars vs. Iowa State Cyclones,2026-10-10T02:15:00Z,total,Total (prolongations incluses),225,70803,1757962013,50.5,4581836527,Moins de 50.5,50.5,1.8334,7,True
17724267,Florida Gators vs. South Carolina Gamecocks,2026-10-10T04:00:00Z,moneyline,Vainqueur (prolongations incluses),219,70793,1759425076,,4586618645,Florida Gators,,1.1112,7,False
17724267,Florida Gators vs. South Carolina Gamecocks,2026-10-10T04:00:00Z,moneyline,Vainqueur (prolongations incluses),219,70793,1759425076,,4586618646,South Carolina Gamecocks,,5.25,7,False
17724267,Florida Gators vs. South Carolina Gamecocks,2026-10-10T04:00:00Z,spread,Handicap (inclus prolongations),223,70799,1759425078,-15.5,4586618649,Florida Gators (-15.5),-15.5,1.8334,7,True
17724267,Florida Gators vs. South Carolina Gamecocks,2026-10-10T04:00:00Z,spread,Handicap (inclus prolongations),223,70799,1759425078,-15.5,4586618650,South Carolina Gamecocks (+15.5),-15.5,1.8334,7,True
17724267,Florida Gators vs. South Carolina Gamecocks,2026-10-10T04:00:00Z,total,Total (prolongations incluses),225,70803,1759424931,57.5,4586618333,Plus de 57.5,57.5,1.8334,7,True
17724267,Florida Gators vs. South Carolina Gamecocks,2026-10-10T04:00:00Z,total,Total (prolongations incluses),225,70803,1759424931,57.5,4586618334,Moins de 57.5,57.5,1.8334,7,True
17724268,Kentucky Wildcats vs. LSU Tigers,2026-10-10T04:00:00Z,moneyline,Vainqueur (prolongations incluses),219,70793,1759395567,,4586528520,LSU Tigers,,1.2353,7,False
17724268,Kentucky Wildcats vs. LSU Tigers,2026-10-10T04:00:00Z,moneyline,Vainqueur (prolongations incluses),219,70793,1759395567,,4586528519,Kentucky Wildcats,,3.6,7,False
17724268,Kentucky Wildcats vs. LSU Tigers,2026-10-10T04:00:00Z,spread,Handicap (inclus prolongations),223,70799,1759395581,+9.5,4586528547,Kentucky Wildcats (+9.5),+9.5,1.8696,7,True
17724268,Kentucky Wildcats vs. LSU Tigers,2026-10-10T04:00:00Z,spread,Handicap (inclus prolongations),223,70799,1759395581,+9.5,4586528548,LSU Tigers (-9.5),+9.5,1.8,7,True
17724268,Kentucky Wildcats vs. LSU Tigers,2026-10-10T04:00:00Z,total,Total (prolongations incluses),225,70803,1759395601,50.5,4586528587,Plus de 50.5,50.5,1.8334,7,True
17724268,Kentucky Wildcats vs. LSU Tigers,2026-10-10T04:00:00Z,total,Total (prolongations incluses),225,70803,1759395601,50.5,4586528588,Moins de 50.5,50.5,1.8334,7,True
17724265,Missouri Tigers vs. Texas A&M Aggies,2026-10-10T04:00:00Z,moneyline,Vainqueur (prolongations incluses),219,70793,1759400521,,4586541801,Missouri Tigers,,1.8,7,False
17724265,Missouri Tigers vs. Texas A&M Aggies,2026-10-10T04:00:00Z,moneyline,Vainqueur (prolongations incluses),219,70793,1759400521,,4586541802,Texas A&M Aggies,,1.8696,7,False
17724265,Missouri Tigers vs. Texas A&M Aggies,2026-10-10T04:00:00Z,spread,Handicap (inclus prolongations),223,70799,1759400124,-1.5,4586540904,Texas A&M Aggies (+1.5),-1.5,1.8,7,True
17724265,Missouri Tigers vs. Texas A&M Aggies,2026-10-10T04:00:00Z,spread,Handicap (inclus prolongations),223,70799,1759400124,-1.5,4586540903,Missouri Tigers (-1.5),-1.5,1.8696,7,True
17724265,Missouri Tigers vs. Texas A&M Aggies,2026-10-10T04:00:00Z,total,Total (prolongations incluses),225,70803,1759400460,50.5,4586541658,Plus de 50.5,50.5,1.8334,7,True
17724265,Missouri Tigers vs. Texas A&M Aggies,2026-10-10T04:00:00Z,total,Total (prolongations incluses),225,70803,1759400460,50.5,4586541659,Moins de 50.5,50.5,1.8334,7,True
17724249,Nebraska Cornhuskers vs. Indiana Hoosiers,2026-10-10T04:00:00Z,moneyline,Vainqueur (prolongations incluses),219,70793,1757601491,,4580248168,Indiana Hoosiers,,1.2667,0,False
17724249,Nebraska Cornhuskers vs. Indiana Hoosiers,2026-10-10T04:00:00Z,moneyline,Vainqueur (prolongations incluses),219,70793,1757601491,,4580248167,Nebraska Cornhuskers,,3.3,0,False
17724249,Nebraska Cornhuskers vs. Indiana Hoosiers,2026-10-10T04:00:00Z,spread,Handicap (inclus prolongations),223,70799,1757601862,+8.5,4580249072,Indiana Hoosiers (-8.5),+8.5,1.8334,0,True
17724249,Nebraska Cornhuskers vs. Indiana Hoosiers,2026-10-10T04:00:00Z,spread,Handicap (inclus prolongations),223,70799,1757601862,+8.5,4580249071,Nebraska Cornhuskers (+8.5),+8.5,1.8334,0,True
17724249,Nebraska Cornhuskers vs. Indiana Hoosiers,2026-10-10T04:00:00Z,total,Total (prolongations incluses),225,70803,1757601885,49.5,4580249117,Plus de 49.5,49.5,1.8334,0,True
17724249,Nebraska Cornhuskers vs. Indiana Hoosiers,2026-10-10T04:00:00Z,total,Total (prolongations incluses),225,70803,1757601885,49.5,4580249118,Moins de 49.5,49.5,1.8334,0,True
17226435,Penn St Nittany Lions vs. USC Trojans,2026-10-10T04:00:00Z,moneyline,Vainqueur (prolongations incluses),219,70793,1660426494,,4275602208,USC Trojans,,1.8696,7,False
17226435,Penn St Nittany Lions vs. USC Trojans,2026-10-10T04:00:00Z,moneyline,Vainqueur (prolongations incluses),219,70793,1660426494,,4275602207,Penn St Nittany Lions,,1.8,7,False
17226435,Penn St Nittany Lions vs. USC Trojans,2026-10-10T04:00:00Z,spread,Handicap (inclus prolongations),223,70799,1660427081,-1.5,4275603638,Penn St Nittany Lions (-1.5),-1.5,1.8696,7,True
17226435,Penn St Nittany Lions vs. USC Trojans,2026-10-10T04:00:00Z,spread,Handicap (inclus prolongations),223,70799,1660427081,-1.5,4275603639,USC Trojans (+1.5),-1.5,1.8,7,True
17226435,Penn St Nittany Lions vs. USC Trojans,2026-10-10T04:00:00Z,total,Total (prolongations incluses),225,70803,1698810753,58.5,4395045696,Plus de 58.5,58.5,1.8696,7,True
17226435,Penn St Nittany Lions vs. USC Trojans,2026-10-10T04:00:00Z,total,Total (prolongations incluses),225,70803,1698810753,58.5,4395045697,Moins de 58.5,58.5,1.8,7,True
16634499,Oklahoma Sooners vs. Texas Longhorns,2026-10-10T19:30:00Z,moneyline,Vainqueur (prolongations incluses),219,70793,1691482834,,4372299030,Oklahoma Sooners,,3.6,0,False
16634499,Oklahoma Sooners vs. Texas Longhorns,2026-10-10T19:30:00Z,moneyline,Vainqueur (prolongations incluses),219,70793,1691482834,,4372299031,Texas Longhorns,,1.2353,0,False
16634499,Oklahoma Sooners vs. Texas Longhorns,2026-10-10T19:30:00Z,spread,Handicap (inclus prolongations),223,70799,1758486384,+9.5,4583193250,Oklahoma Sooners (+9.5),+9.5,1.8696,0,True
16634499,Oklahoma Sooners vs. Texas Longhorns,2026-10-10T19:30:00Z,spread,Handicap (inclus prolongations),223,70799,1758486384,+9.5,4583193251,Texas Longhorns (-9.5),+9.5,1.8,0,True
16634499,Oklahoma Sooners vs. Texas Longhorns,2026-10-10T19:30:00Z,total,Total (prolongations incluses),225,70803,1758486383,41.5,4583193248,Plus de 41.5,41.5,1.8334,0,True
16634499,Oklahoma Sooners vs. Texas Longhorns,2026-10-10T19:30:00Z,total,Total (prolongations incluses),225,70803,1758486383,41.5,4583193249,Moins de 41.5,41.5,1.8334,0,True
17724250,Oregon Ducks vs. UCLA Bruins,2026-10-10T19:30:00Z,moneyline,Vainqueur (prolongations incluses),219,70793,1757238530,,4578946934,Oregon Ducks,,1.1667,0,False
17724250,Oregon Ducks vs. UCLA Bruins,2026-10-10T19:30:00Z,moneyline,Vainqueur (prolongations incluses),219,70793,1757238530,,4578946935,UCLA Bruins,,4.25,0,False
17724250,Oregon Ducks vs. UCLA Bruins,2026-10-10T19:30:00Z,spread,Handicap (inclus prolongations),223,70799,1757238529,-12.5,4578946932,UCLA Bruins (+12.5),-12.5,1.8334,0,True
17724250,Oregon Ducks vs. UCLA Bruins,2026-10-10T19:30:00Z,spread,Handicap (inclus prolongations),223,70799,1757238529,-12.5,4578946933,Oregon Ducks (-12.5),-12.5,1.8334,0,True
17724250,Oregon Ducks vs. UCLA Bruins,2026-10-10T19:30:00Z,total,Total (prolongations incluses),225,70803,1757238531,60.5,4578946936,Moins de 60.5,60.5,1.8334,0,True
17724250,Oregon Ducks vs. UCLA Bruins,2026-10-10T19:30:00Z,total,Total (prolongations incluses),225,70803,1757238531,60.5,4578946937,Plus de 60.5,60.5,1.8334,0,True
16722004,Alabama Crimson Tide vs. GEORGIE BULLDOGS,2026-10-10T23:30:00Z,moneyline,Vainqueur (prolongations incluses),219,70793,1599038918,,4082007322,Alabama Crimson Tide,,1.9524,0,False
16722004,Alabama Crimson Tide vs. GEORGIE BULLDOGS,2026-10-10T23:30:00Z,moneyline,Vainqueur (prolongations incluses),219,70793,1599038918,,4082007323,GEORGIE BULLDOGS,,1.7408,0,False
16722004,Alabama Crimson Tide vs. GEORGIE BULLDOGS,2026-10-10T23:30:00Z,spread,Handicap (inclus prolongations),223,70799,1691482822,+2.5,4372299006,Alabama Crimson Tide (+2.5),+2.5,1.8,0,True
16722004,Alabama Crimson Tide vs. GEORGIE BULLDOGS,2026-10-10T23:30:00Z,spread,Handicap (inclus prolongations),223,70799,1691482822,+2.5,4372299007,GEORGIE BULLDOGS (-2.5),+2.5,1.8696,0,True
16722004,Alabama Crimson Tide vs. GEORGIE BULLDOGS,2026-10-10T23:30:00Z,total,Total (prolongations incluses),225,70803,1761719005,56.5,4593046237,Plus de 56.5,56.5,1.8334,0,True
16722004,Alabama Crimson Tide vs. GEORGIE BULLDOGS,2026-10-10T23:30:00Z,total,Total (prolongations incluses),225,70803,1761719005,56.5,4593046238,Moins de 56.5,56.5,1.8334,0,True
