event_id,match,start_date,contracts,file
17884724,Grambling State Tigers vs. Alcorn State Braves,2026-10-03T19:00:00Z,12,gp_ncaa_events/17884724.csv
17884723,Hampton Pirates vs. Howard Bison,2026-10-03T19:00:00Z,14,gp_ncaa_events/17884723.csv
17884740,Mississippi Valley State Delta Devils vs. Prairie View A&M Panthers,2026-10-03T19:00:00Z,26,gp_ncaa_events/17884740.csv
17884721,South Dakota Coyotes vs. Indiana State Sycamores,2026-10-03T19:00:00Z,12,gp_ncaa_events/17884721.csv
17885328,Albany Great Danes vs. Delaware State Hornets,2026-10-03T19:30:00Z,8,gp_ncaa_events/17885328.csv
17856188,Central Mich Chippewas vs. Akron Zips,2026-10-03T19:30:00Z,92,gp_ncaa_events/17856188.csv
17861648,DAKOTA DU NORD ETAT DU BISON vs. Wyoming Cowboys,2026-10-03T19:30:00Z,126,gp_ncaa_events/17861648.csv
17885323,East Tennessee State Buccaneers vs. Chattanooga Mocs,2026-10-03T19:30:00Z,8,gp_ncaa_events/17885323.csv
17647641,Florida State Seminoles vs. Virginia Cavaliers,2026-10-03T19:30:00Z,124,gp_ncaa_events/17647641.csv
17856151,Georgia State Panthers vs. Old Dominion Monarchs,2026-10-03T19:30:00Z,126,gp_ncaa_events/17856151.csv
17647649,Iowa Hawkeyes vs. Ohio State Buckeyes,2026-10-03T19:30:00Z,126,gp_ncaa_events/17647649.csv
17856420,Kent St Golden Flashes vs. Ohio Bobcats,2026-10-03T19:30:00Z,100,gp_ncaa_events/17856420.csv
17885312,Maine Black Bears vs. Sacred Heart Pioneers,2026-10-03T19:30:00Z,8,gp_ncaa_events/17885312.csv
17861506,Miami Redhawks vs. Bowling Green Falcons,2026-10-03T19:30:00Z,102,gp_ncaa_events/17861506.csv
17647635,Missouri Tigers vs. Florida Gators,2026-10-03T19:30:00Z,126,gp_ncaa_events/17647635.csv
17647625,North Carolina State Wolfpack vs. Louisville Cardinals,2026-10-03T19:30:00Z,126,gp_ncaa_events/17647625.csv
17647636,Tennessee Volunteers vs. Auburn Tigers,2026-10-03T19:30:00Z,126,gp_ncaa_events/17647636.csv
17881874,UAB Blazers vs. Samford Bulldogs,2026-10-03T19:30:00Z,14,gp_ncaa_events/17881874.csv
17861517,UMass Minutemen vs. MICHIGAN EST,2026-10-03T19:30:00Z,92,gp_ncaa_events/17861517.csv
17647645,UNLV Rebels vs. California Golden Bears,2026-10-03T19:30:00Z,122,gp_ncaa_events/17647645.csv
17884741,William & Mary Tribe vs. Holy Cross Crusaders,2026-10-03T19:30:00Z,16,gp_ncaa_events/17884741.csv
17856252,James Madison Dukes vs. Marshall Herd,2026-10-03T19:45:00Z,126,gp_ncaa_events/17856252.csv
17885320,Bethune-Cookman Wildcats vs. Alabama State Hornets,2026-10-03T20:00:00Z,12,gp_ncaa_events/17885320.csv
17912874,Montana Grizzlies vs. Northern Colorado Bears,2026-10-03T20:00:00Z,18,gp_ncaa_events/17912874.csv
17861641,NOUVEAU MEXIQUE vs. UTEP Miners,2026-10-03T20:00:00Z,126,gp_ncaa_events/17861641.csv
17647629,Nebraska Cornhuskers vs. Maryland Terrapins,2026-10-03T20:00:00Z,126,gp_ncaa_events/17647629.csv
17885327,San Diego Toreros vs. Davidson Wildcats,2026-10-03T20:00:00Z,14,gp_ncaa_events/17885327.csv
17885311,Western Illinois Leathernecks vs. Tennessee State Tigers,2026-10-03T20:00:00Z,8,gp_ncaa_events/17885311.csv
17647650,Illinois Fighting Illini vs. Purdue Boilermakers,2026-10-03T20:15:00Z,126,gp_ncaa_events/17647650.csv
17647644,South Carolina Gamecocks vs. Kentucky Wildcats,2026-10-03T20:15:00Z,126,gp_ncaa_events/17647644.csv
17911793,Austin Peay State Governors vs. New Haven Chargers,2026-10-03T21:00:00Z,10,gp_ncaa_events/17911793.csv
17885318,Jackson State Tigers vs. Alabama A&M Bulldogs,2026-10-03T21:00:00Z,18,gp_ncaa_events/17885318.csv
17885319,Southern Illinois Salukis vs. Youngstown State Penguins,2026-10-03T21:00:00Z,8,gp_ncaa_events/17885319.csv
17885562,Bryant Bulldogs vs. North Carolina A&T Aggies,2026-10-03T22:00:00Z,14,gp_ncaa_events/17885562.csv
17647648,COLORADO vs. Oregon State Beavers,2026-10-03T22:00:00Z,104,gp_ncaa_events/17647648.csv
17885313,Charleston Southern Buccaneers vs. Gardner Webb Runnin Bulldogs,2026-10-03T22:00:00Z,14,gp_ncaa_events/17885313.csv
17885325,Eastern Kentucky Colonels vs. North Alabama Lions,2026-10-03T22:00:00Z,10,gp_ncaa_events/17885325.csv
17883295,Florida Atlantic Owls vs. Texas Southern Tigers,2026-10-03T22:00:00Z,16,gp_ncaa_events/17883295.csv
17885324,North Carolina Central Eagles vs. Campbell Fighting Camels,2026-10-03T22:00:00Z,10,gp_ncaa_events/17885324.csv
17885317,Stephen F Austin Lumberjacks vs. Incarnate Word Cardinals,2026-10-03T22:00:00Z,8,gp_ncaa_events/17885317.csv
17885322,Western Carolina Catamounts vs. Tennessee Tech Golden Eagles,2026-10-03T22:00:00Z,8,gp_ncaa_events/17885322.csv
17861575,Coastal Carolina vs. Georgia Southern Eagles,2026-10-03T23:00:00Z,126,gp_ncaa_events/17861575.csv
17885557,Harvard Crimson vs. Colgate Raiders,2026-10-03T23:00:00Z,8,gp_ncaa_events/17885557.csv
17885556,Houston Christian Huskies vs. Nicholls State Colonels,2026-10-03T23:00:00Z,6,gp_ncaa_events/17885556.csv
17885555,Illinois State Redbirds vs. South Dakota State Jackrabbits,2026-10-03T23:00:00Z,12,gp_ncaa_events/17885555.csv
17890905,Lamar Cardinals vs. Northwestern State Demons,2026-10-03T23:00:00Z,6,gp_ncaa_events/17890905.csv
17856405,Rice Owls vs. UT San Antonio Roadrunners,2026-10-03T23:00:00Z,126,gp_ncaa_events/17856405.csv
17856413,South Alabama Jaguars vs. Louisiana-Monroe Warhawks,2026-10-03T23:00:00Z,126,gp_ncaa_events/17856413.csv
17885553,Southern Jaguars vs. Arkansas Pine Bluff Golden Lions,2026-10-03T23:00:00Z,10,gp_ncaa_events/17885553.csv
17647632,TCU Horned Frogs vs. BYU Cougars,2026-10-03T23:00:00Z,126,gp_ncaa_events/17647632.csv
17647638,Texas A&M Aggies vs. Arkansas Razorbacks,2026-10-03T23:00:00Z,126,gp_ncaa_events/17647638.csv
17885560,Texas A&M-Commerce Lions vs. Vallée du Rio Grande de l'UT,2026-10-03T23:00:00Z,8,gp_ncaa_events/17885560.csv
17647647,Boise State Broncos vs. Utah State Aggies,2026-10-03T23:30:00Z,92,gp_ncaa_events/17647647.csv
17214197,Clemson Tigers vs. Miami Hurricanes,2026-10-03T23:30:00Z,126,gp_ncaa_events/17214197.csv
17647627,Colorado Buffaloes vs. Texas Tech Red Raiders,2026-10-03T23:30:00Z,126,gp_ncaa_events/17647627.csv
17856139,FLORIDE DU SUD vs. Temple Owls,2026-10-03T23:30:00Z,126,gp_ncaa_events/17856139.csv
17861655,Louisiana Tech Bulldogs vs. Army Black Knights,2026-10-03T23:30:00Z,126,gp_ncaa_events/17861655.csv
17647639,USC Trojans vs. Washington Huskies,2026-10-03T23:30:00Z,126,gp_ncaa_events/17647639.csv
17883281,LSU Tigers vs. McNeese State Cowboys,2026-10-03T23:45:00Z,22,gp_ncaa_events/17883281.csv
17911854,Abilene Christian Wildcats vs. West Florida Argonauts,2026-10-04T00:00:00Z,8,gp_ncaa_events/17911854.csv
17885552,Cal Poly Mustangs vs. Weber State Wildcats,2026-10-04T00:00:00Z,12,gp_ncaa_events/17885552.csv
17885558,Idaho State Bengals vs. Northern Arizona Lumberjacks,2026-10-04T00:00:00Z,10,gp_ncaa_events/17885558.csv
17861690,Louisiana-Lafayette Ragin Cajuns vs. Arkansas St Red Wolves,2026-10-04T00:00:00Z,126,gp_ncaa_events/17861690.csv
17647646,Rutgers Scarlet Knights vs. Indiana Hoosiers,2026-10-04T00:00:00Z,126,gp_ncaa_events/17647646.csv
17885559,Utah Tech Trailblaizers vs. Southern Utah Thunderbirds,2026-10-04T00:00:00Z,12,gp_ncaa_events/17885559.csv
17647651,Wash State Cougars vs. FRESNO,2026-10-04T01:30:00Z,94,gp_ncaa_events/17647651.csv
17647630,Arizona State Sun Devils vs. Baylor Bears,2026-10-04T02:30:00Z,126,gp_ncaa_events/17647630.csv
17647652,San Diego State Aztecs vs. Texas State Bobcats,2026-10-04T02:30:00Z,100,gp_ncaa_events/17647652.csv
17885554,UC Davis Aggies vs. Eastern Washington Eagles,2026-10-04T02:30:00Z,10,gp_ncaa_events/17885554.csv
17647633,Arizona Wildcats vs. Cincinnati Bearcats,2026-10-04T03:00:00Z,126,gp_ncaa_events/17647633.csv
17856295,Hawaii Rainbow Warriors vs. San Jose State Spartans,2026-10-04T04:00:00Z,126,gp_ncaa_events/17856295.csv
17683179,Troy Trojans vs. Southern Miss Golden Eagles,2026-10-07T00:00:00Z,14,gp_ncaa_events/17683179.csv
17693215,Kennesaw State Owls vs. Jacksonville State Gamecocks,2026-10-07T23:00:00Z,14,gp_ncaa_events/17693215.csv
17693214,FIU Panthers vs. New Mexico St Aggies,2026-10-07T23:30:00Z,14,gp_ncaa_events/17693214.csv
17714567,Washington Huskies vs. Iowa Hawkeyes,2026-10-10T01:00:00Z,6,gp_ncaa_events/17714567.csv
17714568,BYU Cougars vs. Iowa State Cyclones,2026-10-10T02:15:00Z,6,gp_ncaa_events/17714568.csv
17724249,Nebraska Cornhuskers vs. Indiana Hoosiers,2026-10-10T16:00:00Z,6,gp_ncaa_events/17724249.csv
17724267,Florida Gators vs. South Carolina Gamecocks,2026-10-10T17:00:00Z,6,gp_ncaa_events/17724267.csv
17724265,Missouri Tigers vs. Texas A&M Aggies,2026-10-10T17:00:00Z,6,gp_ncaa_events/17724265.csv
17724250,Oregon Ducks vs. UCLA Bruins,2026-10-10T19:30:00Z,6,gp_ncaa_events/17724250.csv
