event_id,match,players,markets,contracts,file
17647630,Arizona State Sun Devils vs. Baylor Bears,26,60,253,gp_ncaa_props_events/17647630.csv
17647633,Arizona Wildcats vs. Cincinnati Bearcats,30,76,345,gp_ncaa_props_events/17647633.csv
17647647,Boise State Broncos vs. Utah State Aggies,19,29,119,gp_ncaa_props_events/17647647.csv
17647648,COLORADO vs. Oregon State Beavers,23,29,101,gp_ncaa_props_events/17647648.csv
17856188,Central Mich Chippewas vs. Akron Zips,20,20,60,gp_ncaa_props_events/17856188.csv
17214197,Clemson Tigers vs. Miami Hurricanes,22,60,274,gp_ncaa_props_events/17214197.csv
17861575,Coastal Carolina vs. Georgia Southern Eagles,21,21,63,gp_ncaa_props_events/17861575.csv
17647627,Colorado Buffaloes vs. Texas Tech Red Raiders,26,72,324,gp_ncaa_props_events/17647627.csv
17861648,DAKOTA DU NORD ETAT DU BISON vs. Wyoming Cowboys,18,30,128,gp_ncaa_props_events/17861648.csv
17856139,FLORIDE DU SUD vs. Temple Owls,18,28,113,gp_ncaa_props_events/17856139.csv
17647641,Florida State Seminoles vs. Virginia Cavaliers,24,66,287,gp_ncaa_props_events/17647641.csv
17856151,Georgia State Panthers vs. Old Dominion Monarchs,19,19,57,gp_ncaa_props_events/17856151.csv
17856295,Hawaii Rainbow Warriors vs. San Jose State Spartans,23,37,153,gp_ncaa_props_events/17856295.csv
17647650,Illinois Fighting Illini vs. Purdue Boilermakers,23,83,353,gp_ncaa_props_events/17647650.csv
17647649,Iowa Hawkeyes vs. Ohio State Buckeyes,22,80,351,gp_ncaa_props_events/17647649.csv
17856252,James Madison Dukes vs. Marshall Herd,20,30,135,gp_ncaa_props_events/17856252.csv
17856420,Kent St Golden Flashes vs. Ohio Bobcats,20,20,60,gp_ncaa_props_events/17856420.csv
17861655,Louisiana Tech Bulldogs vs. Army Black Knights,19,19,57,gp_ncaa_props_events/17861655.csv
17861690,Louisiana-Lafayette Ragin Cajuns vs. Arkansas St Red Wolves,21,37,160,gp_ncaa_props_events/17861690.csv
17861506,Miami Redhawks vs. Bowling Green Falcons,16,16,48,gp_ncaa_props_events/17861506.csv
17647635,Missouri Tigers vs. Florida Gators,23,76,338,gp_ncaa_props_events/17647635.csv
17861641,NOUVEAU MEXIQUE vs. UTEP Miners,20,20,60,gp_ncaa_props_events/17861641.csv
17647629,Nebraska Cornhuskers vs. Maryland Terrapins,22,74,318,gp_ncaa_props_events/17647629.csv
17647625,North Carolina State Wolfpack vs. Louisville Cardinals,25,78,340,gp_ncaa_props_events/17647625.csv
17856405,Rice Owls vs. UT San Antonio Roadrunners,23,23,69,gp_ncaa_props_events/17856405.csv
17647646,Rutgers Scarlet Knights vs. Indiana Hoosiers,21,56,259,gp_ncaa_props_events/17647646.csv
17647652,San Diego State Aztecs vs. Texas State Bobcats,23,23,69,gp_ncaa_props_events/17647652.csv
17856413,South Alabama Jaguars vs. Louisiana-Monroe Warhawks,21,21,63,gp_ncaa_props_events/17856413.csv
17647644,South Carolina Gamecocks vs. Kentucky Wildcats,30,82,340,gp_ncaa_props_events/17647644.csv
17647632,TCU Horned Frogs vs. BYU Cougars,23,79,357,gp_ncaa_props_events/17647632.csv
17647636,Tennessee Volunteers vs. Auburn Tigers,22,80,361,gp_ncaa_props_events/17647636.csv
17647638,Texas A&M Aggies vs. Arkansas Razorbacks,24,69,313,gp_ncaa_props_events/17647638.csv
17861517,UMass Minutemen vs. MICHIGAN EST,16,16,48,gp_ncaa_props_events/17861517.csv
17647645,UNLV Rebels vs. California Golden Bears,22,64,296,gp_ncaa_props_events/17647645.csv
17647639,USC Trojans vs. Washington Huskies,27,85,380,gp_ncaa_props_events/17647639.csv
17647651,Wash State Cougars vs. FRESNO,19,43,203,gp_ncaa_props_events/17647651.csv
