match_gp,match_pin,market,selection,gp_line,gp_price,pin_line,pin_price,pin_fair_prob,pin_fair_price,price_ev_pct,line_edge,gp_odd_id,pin_main_line,line_gap,pin_exact_line,pin_exact_price,pin_exact_fair_prob,pin_exact_fair_price,exact_ev_pct,pricing_status,pin_snapshot_at,abs_line_edge
BYU Cougars vs. Iowa State Cyclones,BYU Cougars vs Iowa State Cyclones,moneyline,Iowa State Cyclones,,5.0,,4.33,0.21996036750135112,4.546273546273546,9.980183750675554,,4581835808,,,,,,,,,2026-10-05T05:18:25+00:00,
Missouri Tigers vs. Texas A&M Aggies,Missouri Tigers vs Texas A&M Aggies,spread,Missouri Tigers (-1.5),-1.5,1.8696,-1.5,1.628,0.5844818785094437,1.7109170305676853,9.274732006125586,2.0,4586540903,-3.5,2.0,-1.5,1.628,0.5844818785094437,1.7109170305676853,9.274732006125586,EXACT_ALT,2026-10-05T05:18:25+00:00,2.0
Missouri Tigers vs. Texas A&M Aggies,Missouri Tigers vs Texas A&M Aggies,moneyline,Missouri Tigers,,1.8,,1.588,0.605759682224429,1.6508196721311474,9.036742800397214,,4586541801,,,,,,,,,2026-10-05T05:18:25+00:00,
Nebraska Cornhuskers vs. Indiana Hoosiers,Nebraska Cornhuskers vs Indiana Hoosiers,total,Plus de 49.5,49.5,1.8334,49.5,1.645,0.574385510996119,1.740990990990991,5.307839586028451,2.0,4580249117,51.5,2.0,49.5,1.645,0.574385510996119,1.740990990990991,5.307839586028451,EXACT_ALT,2026-10-05T05:18:25+00:00,2.0
Washington Huskies vs. Iowa Hawkeyes,Washington Huskies vs Iowa Hawkeyes,spread,Washington Huskies (-1.5),-1.5,1.9091,-1.5,1.757,0.5420901746155851,1.8447115384615385,3.4904352358613444,1.0,4581832286,-2.5,1.0,-1.5,1.757,0.5420901746155851,1.8447115384615385,3.4904352358613444,EXACT_ALT,2026-10-05T05:18:25+00:00,1.0
FIU Panthers vs. New Mexico St Aggies,FIU Panthers vs New Mexico State Aggies,moneyline,FIU Panthers,,1.5715,,1.458,0.6575857209957727,1.5207142857142855,3.339596054485683,,4592931177,,,,,,,,,2026-10-05T05:18:25+00:00,
FIU Panthers vs. New Mexico St Aggies,FIU Panthers vs New Mexico State Aggies,spread,FIU Panthers (-3.5),-3.5,1.8334,-3.5,1.704,0.5590062111801242,1.788888888888889,2.4881987577639597,2.0,4592931175,-5.5,2.0,-3.5,1.704,0.5590062111801242,1.788888888888889,2.4881987577639597,EXACT_ALT,2026-10-05T05:18:25+00:00,2.0
BYU Cougars vs. Iowa State Cyclones,BYU Cougars vs Iowa State Cyclones,total,Moins de 50.5,50.5,1.8334,50.5,1.699,0.5562810133194045,1.7976525821596245,1.9885609819796146,2.0,4581836527,48.5,2.0,50.5,1.699,0.5562810133194045,1.7976525821596245,1.9885609819796146,EXACT_ALT,2026-10-05T05:18:25+00:00,2.0
Alabama Crimson Tide vs. GEORGIE BULLDOGS,Alabama Crimson Tide vs Georgia Bulldogs,moneyline,Alabama Crimson Tide,,1.9524,,1.847,0.5211304122374903,1.9189054726368158,1.745501685247608,,4082007322,,,,,,,,,2026-10-05T05:18:25+00:00,
Washington Huskies vs. Iowa Hawkeyes,Washington Huskies vs Iowa Hawkeyes,moneyline,Washington Huskies,,1.8,,1.704,0.5646397547266224,1.7710407239819004,1.635155850792036,,4581832215,,,,,,,,,2026-10-05T05:18:25+00:00,
Florida Gators vs. South Carolina Gamecocks,Florida Gators vs South Carolina Gamecocks,spread,South Carolina Gamecocks (+15.5),15.5,1.8334,15.5,1.74,0.548051948051948,1.8246445497630333,0.47984415584414464,1.5,4586618650,14.0,1.5,15.5,1.74,0.548051948051948,1.8246445497630333,0.47984415584414464,EXACT_ALT,2026-10-05T05:18:25+00:00,1.5
Kennesaw State Owls vs. Jacksonville State Gamecocks,Kennesaw State Owls vs Jacksonville State Gamecocks,total,Plus de 48.5,48.5,1.8,48.5,1.719,0.5498821681068343,1.8185714285714283,-1.021209740769824,1.5,4578991163,50.0,1.5,48.5,1.719,0.5498821681068343,1.8185714285714283,-1.021209740769824,EXACT_ALT,2026-10-05T05:18:25+00:00,1.5
Troy Trojans vs. Southern Miss Golden Eagles,Troy Trojans vs Southern Miss Golden Eagles,spread,Troy Trojans (-9.5),-9.5,1.8334,-9.5,1.781,0.535108326807622,1.8687804878048782,-1.893239363090593,1.0,4587192181,-10.5,1.0,-9.5,1.781,0.535108326807622,1.8687804878048782,-1.893239363090593,EXACT_ALT,2026-10-05T05:18:25+00:00,1.0
FIU Panthers vs. New Mexico St Aggies,FIU Panthers vs New Mexico State Aggies,total,Moins de 47.5,47.5,1.8334,47.5,1.781,0.5314390949750066,1.8816831683168316,-2.5659563272822927,1.0,4592931174,46.5,1.0,47.5,1.781,0.5314390949750066,1.8816831683168316,-2.5659563272822927,EXACT_ALT,2026-10-05T05:18:25+00:00,1.0
Troy Trojans vs. Southern Miss Golden Eagles,Troy Trojans vs Southern Miss Golden Eagles,total,Plus de 48.5,48.5,1.8334,48.5,1.793,0.5272871078302136,1.8964999999999999,-3.3271816504086393,1.0,4578985036,49.5,1.0,48.5,1.793,0.5272871078302136,1.8964999999999999,-3.3271816504086393,EXACT_ALT,2026-10-05T05:18:25+00:00,1.0
Troy Trojans vs. Southern Miss Golden Eagles,Troy Trojans vs Southern Miss Golden Eagles,moneyline,Troy Trojans,,1.25,,1.232,0.7731958762886598,1.2933333333333332,-3.350515463917525,,4578985035,,,,,,,,,2026-10-05T05:18:25+00:00,
Nebraska Cornhuskers vs. Indiana Hoosiers,Nebraska Cornhuskers vs Indiana Hoosiers,spread,Nebraska Cornhuskers (+8.5),8.5,1.8334,8.5,1.813,0.5270023480302635,1.8975247524752477,-3.379389512131503,1.0,4580249071,7.5,1.0,8.5,1.813,0.5270023480302635,1.8975247524752477,-3.379389512131503,EXACT_ALT,2026-10-05T05:18:25+00:00,1.0
Oklahoma Sooners vs. Texas Longhorns,Oklahoma Sooners vs Texas Longhorns,spread,Oklahoma Sooners (+9.5),9.5,1.8696,9.5,1.862,0.5129479466387653,1.9495155532891384,-4.099251896416445,2.0,4583193250,7.5,2.0,9.5,1.862,0.5129479466387653,1.9495155532891384,-4.099251896416445,EXACT_ALT,2026-10-05T05:18:25+00:00,2.0
Kentucky Wildcats vs. LSU Tigers,Kentucky Wildcats vs LSU Tigers,spread,LSU Tigers (-9.5),-9.5,1.8,-9.5,1.793,0.5322201930602661,1.878921568627451,-4.200365249152094,1.0,4586528548,-10.5,1.0,-9.5,1.793,0.5322201930602661,1.878921568627451,-4.200365249152094,EXACT_ALT,2026-10-05T05:18:25+00:00,1.0
Alabama Crimson Tide vs. GEORGIE BULLDOGS,Alabama Crimson Tide vs Georgia Bulldogs,total,Moins de 56.5,56.5,1.8334,56.5,1.813,0.5220142367519114,1.9156565656565658,-4.293909833904575,1.5,4593046238,55.0,1.5,56.5,1.813,0.5220142367519114,1.9156565656565658,-4.293909833904575,EXACT_ALT,2026-10-05T05:18:25+00:00,1.5
Kennesaw State Owls vs. Jacksonville State Gamecocks,Kennesaw State Owls vs Jacksonville State Gamecocks,spread,Jacksonville State Gamecocks (-2.5),-2.5,1.8,-2.5,1.8,0.5300261096605744,1.8866995073891626,-4.595300261096602,0.5,4578991156,-3.0,0.5,-2.5,1.8,0.5300261096605744,1.8866995073891626,-4.595300261096602,EXACT_ALT,2026-10-05T05:18:25+00:00,0.5
Oregon Ducks vs. UCLA Bruins,Oregon Ducks vs UCLA Bruins,total,Moins de 60.5,60.5,1.8334,60.5,1.826,0.5178241351993663,1.9311575726670063,-5.062123052548184,0.5,4578946936,60.0,0.5,60.5,1.826,0.5178241351993663,1.9311575726670063,-5.062123052548184,EXACT_ALT,2026-10-05T05:18:25+00:00,0.5
Kentucky Wildcats vs. LSU Tigers,Kentucky Wildcats vs LSU Tigers,moneyline,LSU Tigers,,1.2353,,1.246,0.7647280966767371,1.3076543209876543,-5.5331382175226596,,4586528520,,,,,,,,,2026-10-05T05:18:25+00:00,
Kennesaw State Owls vs. Jacksonville State Gamecocks,Kennesaw State Owls vs Jacksonville State Gamecocks,moneyline,Jacksonville State Gamecocks,,1.625,,1.675,0.5743329097839898,1.7411504424778763,-6.670902160101666,,4578991159,,,,,,,,,2026-10-05T05:18:25+00:00,
Penn St Nittany Lions vs. USC Trojans,Penn State Nittany Lions vs USC Trojans,spread,USC Trojans (+1.5),1.5,1.8,1.5,1.84,0.518324607329843,1.929292929292929,-6.701570680628266,0.5,4275603639,1.0,0.5,1.5,1.84,0.518324607329843,1.929292929292929,-6.701570680628266,EXACT_ALT,2026-10-05T05:18:25+00:00,0.5
Oregon Ducks vs. UCLA Bruins,Oregon Ducks vs UCLA Bruins,spread,UCLA Bruins (+12.5),12.5,1.8334,12.5,1.892,0.5078043704474505,1.9692622950819674,-6.899146722164429,0.0,4578946932,12.5,0.0,12.5,1.892,0.5078043704474505,1.9692622950819674,-6.899146722164429,EXACT_MAIN,2026-10-05T05:18:25+00:00,0.0
Penn St Nittany Lions vs. USC Trojans,Penn State Nittany Lions vs USC Trojans,moneyline,USC Trojans,,1.8696,,1.934,0.4977927810958193,2.0088680229525298,-6.932661646325622,,4275602208,,,,,,,,,2026-10-05T05:18:25+00:00,
Florida Gators vs. South Carolina Gamecocks,Florida Gators vs South Carolina Gamecocks,moneyline,South Carolina Gamecocks,,5.25,,5.38,0.1767406273909717,5.658008658008657,-7.211170619739848,,4586618646,,,,,,,,,2026-10-05T05:18:25+00:00,
Nebraska Cornhuskers vs. Indiana Hoosiers,Nebraska Cornhuskers vs Indiana Hoosiers,moneyline,Indiana Hoosiers,,1.2667,,1.308,0.7301980198019802,1.3694915254237288,-7.505816831683177,,4580248168,,,,,,,,,2026-10-05T05:18:25+00:00,
Oklahoma Sooners vs. Texas Longhorns,Oklahoma Sooners vs Texas Longhorns,moneyline,Oklahoma Sooners,,3.6,,3.72,0.25659472422062346,3.8971962616822435,-7.625899280575554,,4372299030,,,,,,,,,2026-10-05T05:18:25+00:00,
Oregon Ducks vs. UCLA Bruins,Oregon Ducks vs UCLA Bruins,moneyline,Oregon Ducks,,1.1667,,1.206,0.7897489539748954,1.266225165562914,-7.8599895397489465,,4578946934,,,,,,,,,2026-10-05T05:18:25+00:00,
Oklahoma Sooners vs. Texas Longhorns,Oklahoma Sooners vs Texas Longhorns,moneyline,Texas Longhorns,,1.2353,,1.284,0.7434052757793764,1.3451612903225807,-8.167146282973626,,4372299031,,,,,,,,,2026-10-05T05:18:25+00:00,
Washington Huskies vs. Iowa Hawkeyes,Washington Huskies vs Iowa Hawkeyes,total,Plus de 41.5,41.5,1.8334,41.5,1.909,0.5,2.0,-8.330000000000004,0.0,4581832891,41.5,0.0,41.5,1.909,0.5,2.0,-8.330000000000004,EXACT_MAIN,2026-10-05T05:18:25+00:00,0.0
Washington Huskies vs. Iowa Hawkeyes,Washington Huskies vs Iowa Hawkeyes,total,Moins de 41.5,41.5,1.8334,41.5,1.909,0.5,2.0,-8.330000000000004,0.0,4581832892,41.5,0.0,41.5,1.909,0.5,2.0,-8.330000000000004,EXACT_MAIN,2026-10-05T05:18:25+00:00,0.0
Florida Gators vs. South Carolina Gamecocks,Florida Gators vs South Carolina Gamecocks,moneyline,Florida Gators,,1.1112,,1.155,0.8232593726090284,1.2146840148698883,-8.519418515684773,,4586618645,,,,,,,,,2026-10-05T05:18:25+00:00,
Penn St Nittany Lions vs. USC Trojans,Penn State Nittany Lions vs USC Trojans,moneyline,Penn St Nittany Lions,,1.8,,1.917,0.5022072189041807,1.9912099276111686,-9.602700597247459,,4275602207,,,,,,,,,2026-10-05T05:18:25+00:00,
Oregon Ducks vs. UCLA Bruins,Oregon Ducks vs UCLA Bruins,spread,Oregon Ducks (-12.5),-12.5,1.8334,-12.5,1.952,0.49219562955254936,2.031712473572939,-9.7608532778356,0.0,4578946933,-12.5,0.0,-12.5,1.952,0.49219562955254936,2.031712473572939,-9.7608532778356,EXACT_MAIN,2026-10-05T05:18:25+00:00,0.0
Penn St Nittany Lions vs. USC Trojans,Penn State Nittany Lions vs USC Trojans,spread,Penn St Nittany Lions (-1.5),-1.5,1.8696,-1.5,1.98,0.48167539267015713,2.076086956521739,-9.945968586387421,-0.5,4275603638,-1.0,-0.5,-1.5,1.98,0.48167539267015713,2.076086956521739,-9.945968586387421,EXACT_ALT,2026-10-05T05:18:25+00:00,0.5
Kennesaw State Owls vs. Jacksonville State Gamecocks,Kennesaw State Owls vs Jacksonville State Gamecocks,moneyline,Kennesaw State Owls,,2.1,,2.26,0.4256670902160102,2.3492537313432833,-10.609911054637855,,4578991158,,,,,,,,,2026-10-05T05:18:25+00:00,
Oregon Ducks vs. UCLA Bruins,Oregon Ducks vs UCLA Bruins,moneyline,UCLA Bruins,,4.25,,4.53,0.21025104602510458,4.756218905472637,-10.643305439330552,,4578946935,,,,,,,,,2026-10-05T05:18:25+00:00,
Nebraska Cornhuskers vs. Indiana Hoosiers,Nebraska Cornhuskers vs Indiana Hoosiers,moneyline,Nebraska Cornhuskers,,3.3,,3.54,0.26980198019801976,3.7064220183486243,-10.965346534653486,,4580248167,,,,,,,,,2026-10-05T05:18:25+00:00,
Oregon Ducks vs. UCLA Bruins,Oregon Ducks vs UCLA Bruins,total,Plus de 60.5,60.5,1.8334,60.5,1.961,0.48217586480063374,2.073932092004381,-11.597876947451812,-0.5,4578946937,60.0,-0.5,60.5,1.961,0.48217586480063374,2.073932092004381,-11.597876947451812,EXACT_ALT,2026-10-05T05:18:25+00:00,0.5
Kennesaw State Owls vs. Jacksonville State Gamecocks,Kennesaw State Owls vs Jacksonville State Gamecocks,spread,Kennesaw State Owls (+2.5),2.5,1.8696,2.5,2.03,0.4699738903394256,2.1277777777777778,-12.133681462140988,-0.5,4578991157,3.0,-0.5,2.5,2.03,0.4699738903394256,2.1277777777777778,-12.133681462140988,EXACT_ALT,2026-10-05T05:18:25+00:00,0.5
BYU Cougars vs. Iowa State Cyclones,BYU Cougars vs Iowa State Cyclones,moneyline,BYU Cougars,,1.125,,1.221,0.7800396324986488,1.2819861431870672,-12.245541343902012,,4581835807,,,,,,,,,2026-10-05T05:18:25+00:00,
Oklahoma Sooners vs. Texas Longhorns,Oklahoma Sooners vs Texas Longhorns,spread,Texas Longhorns (-9.5),-9.5,1.8,-9.5,1.961,0.4870520533612346,2.053168635875403,-12.33063039497777,-2.0,4583193251,-7.5,-2.0,-9.5,1.961,0.4870520533612346,2.053168635875403,-12.33063039497777,EXACT_ALT,2026-10-05T05:18:25+00:00,2.0
Alabama Crimson Tide vs. GEORGIE BULLDOGS,Alabama Crimson Tide vs Georgia Bulldogs,total,Plus de 56.5,56.5,1.8334,56.5,1.98,0.47798576324808856,2.0921125206839495,-12.366090166095445,-1.5,4593046237,55.0,-1.5,56.5,1.98,0.47798576324808856,2.0921125206839495,-12.366090166095445,EXACT_ALT,2026-10-05T05:18:25+00:00,1.5
Kentucky Wildcats vs. LSU Tigers,Kentucky Wildcats vs LSU Tigers,spread,Kentucky Wildcats (+9.5),9.5,1.8696,9.5,2.04,0.4677798069397339,2.137757947573898,-12.543887294547352,-1.0,4586528547,10.5,-1.0,9.5,2.04,0.4677798069397339,2.137757947573898,-12.543887294547352,EXACT_ALT,2026-10-05T05:18:25+00:00,1.0
Nebraska Cornhuskers vs. Indiana Hoosiers,Nebraska Cornhuskers vs Indiana Hoosiers,spread,Indiana Hoosiers (-8.5),-8.5,1.8334,-8.5,2.02,0.47299765196973653,2.1141753998896853,-13.280610487868504,-1.0,4580249072,-7.5,-1.0,-8.5,2.02,0.47299765196973653,2.1141753998896853,-13.280610487868504,EXACT_ALT,2026-10-05T05:18:25+00:00,1.0
Troy Trojans vs. Southern Miss Golden Eagles,Troy Trojans vs Southern Miss Golden Eagles,total,Moins de 48.5,48.5,1.8334,48.5,2.0,0.4727128921697865,2.115448968209704,-13.332818349591346,-1.0,4578985037,49.5,-1.0,48.5,2.0,0.4727128921697865,2.115448968209704,-13.332818349591346,EXACT_ALT,2026-10-05T05:18:25+00:00,1.0
FIU Panthers vs. New Mexico St Aggies,FIU Panthers vs New Mexico State Aggies,total,Plus de 47.5,47.5,1.8334,47.5,2.02,0.4685609050249935,2.134194272880404,-14.094043672717705,-1.0,4592931173,46.5,-1.0,47.5,2.02,0.4685609050249935,2.134194272880404,-14.094043672717705,EXACT_ALT,2026-10-05T05:18:25+00:00,1.0
Troy Trojans vs. Southern Miss Golden Eagles,Troy Trojans vs Southern Miss Golden Eagles,spread,Southern Miss Golden Eagles (+9.5),9.5,1.8334,9.5,2.05,0.46489167319237795,2.1510387422796184,-14.766760636909426,-1.0,4587192182,10.5,-1.0,9.5,2.05,0.46489167319237795,2.1510387422796184,-14.766760636909426,EXACT_ALT,2026-10-05T05:18:25+00:00,1.0
Kentucky Wildcats vs. LSU Tigers,Kentucky Wildcats vs LSU Tigers,moneyline,Kentucky Wildcats,,3.6,,4.05,0.23527190332326284,4.25040128410915,-15.302114803625377,,4586528519,,,,,,,,,2026-10-05T05:18:25+00:00,
Kennesaw State Owls vs. Jacksonville State Gamecocks,Kennesaw State Owls vs Jacksonville State Gamecocks,total,Moins de 48.5,48.5,1.8696,48.5,2.1,0.4501178318931658,2.2216404886561953,-15.84597014925373,-1.5,4578991164,50.0,-1.5,48.5,2.1,0.4501178318931658,2.2216404886561953,-15.84597014925373,EXACT_ALT,2026-10-05T05:18:25+00:00,1.5
Alabama Crimson Tide vs. GEORGIE BULLDOGS,Alabama Crimson Tide vs Georgia Bulldogs,moneyline,GEORGIE BULLDOGS,,1.7408,,2.01,0.4788695877625098,2.0882512181916617,-16.6383821623023,,4082007323,,,,,,,,,2026-10-05T05:18:25+00:00,
Florida Gators vs. South Carolina Gamecocks,Florida Gators vs South Carolina Gamecocks,spread,Florida Gators (-15.5),-15.5,1.8334,-15.5,2.11,0.451948051948052,2.2126436781609193,-17.139844155844152,-1.5,4586618649,-14.0,-1.5,-15.5,2.11,0.451948051948052,2.2126436781609193,-17.139844155844152,EXACT_ALT,2026-10-05T05:18:25+00:00,1.5
Washington Huskies vs. Iowa Hawkeyes,Washington Huskies vs Iowa Hawkeyes,moneyline,Iowa Hawkeyes,,1.8696,,2.21,0.43536024527337763,2.2969483568075115,-18.605048543689318,,4581832216,,,,,,,,,2026-10-05T05:18:25+00:00,
BYU Cougars vs. Iowa State Cyclones,BYU Cougars vs Iowa State Cyclones,total,Plus de 50.5,50.5,1.8334,50.5,2.13,0.4437189866805954,2.2536786344908775,-18.648560981979646,-2.0,4581836526,48.5,-2.0,50.5,2.13,0.4437189866805954,2.2536786344908775,-18.648560981979646,EXACT_ALT,2026-10-05T05:18:25+00:00,2.0
Washington Huskies vs. Iowa Hawkeyes,Washington Huskies vs Iowa Hawkeyes,spread,Iowa Hawkeyes (+1.5),1.5,1.7693,1.5,2.08,0.4579098253844148,2.183836084234491,-18.982014594735485,-1.0,4581832287,2.5,-1.0,1.5,2.08,0.4579098253844148,2.183836084234491,-18.982014594735485,EXACT_ALT,2026-10-05T05:18:25+00:00,1.0
FIU Panthers vs. New Mexico St Aggies,FIU Panthers vs New Mexico State Aggies,spread,New Mexico St Aggies (+3.5),3.5,1.8334,3.5,2.16,0.44099378881987567,2.2676056338028174,-19.148198757764,-2.0,4592931176,5.5,-2.0,3.5,2.16,0.44099378881987567,2.2676056338028174,-19.148198757764,EXACT_ALT,2026-10-05T05:18:25+00:00,2.0
Nebraska Cornhuskers vs. Indiana Hoosiers,Nebraska Cornhuskers vs Indiana Hoosiers,total,Moins de 49.5,49.5,1.8334,49.5,2.22,0.425614489003881,2.349544072948328,-21.96783958602846,-2.0,4580249118,51.5,-2.0,49.5,2.22,0.425614489003881,2.349544072948328,-21.96783958602846,EXACT_ALT,2026-10-05T05:18:25+00:00,2.0
Troy Trojans vs. Southern Miss Golden Eagles,Troy Trojans vs Southern Miss Golden Eagles,moneyline,Southern Miss Golden Eagles,,3.4,,4.2,0.2268041237113402,4.409090909090909,-22.886597938144337,,4578985034,,,,,,,,,2026-10-05T05:18:25+00:00,
FIU Panthers vs. New Mexico St Aggies,FIU Panthers vs New Mexico State Aggies,moneyline,New Mexico St Aggies,,2.2,,2.8,0.34241427900422733,2.920438957475995,-24.66885861906998,,4592931178,,,,,,,,,2026-10-05T05:18:25+00:00,
Missouri Tigers vs. Texas A&M Aggies,Missouri Tigers vs Texas A&M Aggies,spread,Texas A&M Aggies (+1.5),1.5,1.8,1.5,2.29,0.41551812149055645,2.4066339066339064,-25.206738131699836,-2.0,4586540904,3.5,-2.0,1.5,2.29,0.41551812149055645,2.4066339066339064,-25.206738131699836,EXACT_ALT,2026-10-05T05:18:25+00:00,2.0
Missouri Tigers vs. Texas A&M Aggies,Missouri Tigers vs Texas A&M Aggies,moneyline,Texas A&M Aggies,,1.8696,,2.44,0.394240317775571,2.536523929471033,-26.29283018867925,,4586541802,,,,,,,,,2026-10-05T05:18:25+00:00,
Florida Gators vs. South Carolina Gamecocks,Florida Gators vs South Carolina Gamecocks,total,Plus de 57.5,57.5,1.8334,,,,,,4.5,4586618333,62.0,4.5,,,,,,NO_EXACT_PIN_LINE,2026-10-05T05:18:25+00:00,4.5
Florida Gators vs. South Carolina Gamecocks,Florida Gators vs South Carolina Gamecocks,total,Moins de 57.5,57.5,1.8334,,,,,,-4.5,4586618334,62.0,-4.5,,,,,,NO_EXACT_PIN_LINE,2026-10-05T05:18:25+00:00,4.5
Kentucky Wildcats vs. LSU Tigers,Kentucky Wildcats vs LSU Tigers,total,Plus de 50.5,50.5,1.8334,,,,,,4.5,4586528587,55.0,4.5,,,,,,NO_EXACT_PIN_LINE,2026-10-05T05:18:25+00:00,4.5
Kentucky Wildcats vs. LSU Tigers,Kentucky Wildcats vs LSU Tigers,total,Moins de 50.5,50.5,1.8334,,,,,,-4.5,4586528588,55.0,-4.5,,,,,,NO_EXACT_PIN_LINE,2026-10-05T05:18:25+00:00,4.5
Alabama Crimson Tide vs. GEORGIE BULLDOGS,Alabama Crimson Tide vs Georgia Bulldogs,spread,Alabama Crimson Tide (+2.5),2.5,1.8,,,,,,4.0,4372299006,-1.5,4.0,,,,,,NO_EXACT_PIN_LINE,2026-10-05T05:18:25+00:00,4.0
Alabama Crimson Tide vs. GEORGIE BULLDOGS,Alabama Crimson Tide vs Georgia Bulldogs,spread,GEORGIE BULLDOGS (-2.5),-2.5,1.8696,,,,,,-4.0,4372299007,1.5,-4.0,,,,,,NO_EXACT_PIN_LINE,2026-10-05T05:18:25+00:00,4.0
BYU Cougars vs. Iowa State Cyclones,BYU Cougars vs Iowa State Cyclones,spread,BYU Cougars (-14.5),-14.5,1.8334,,,,,,-4.0,4581836333,-10.5,-4.0,,,,,,NO_EXACT_PIN_LINE,2026-10-05T05:18:25+00:00,4.0
BYU Cougars vs. Iowa State Cyclones,BYU Cougars vs Iowa State Cyclones,spread,Iowa State Cyclones (+14.5),14.5,1.8334,,,,,,4.0,4581836334,10.5,4.0,,,,,,NO_EXACT_PIN_LINE,2026-10-05T05:18:25+00:00,4.0
Penn St Nittany Lions vs. USC Trojans,Penn State Nittany Lions vs USC Trojans,total,Plus de 58.5,58.5,1.8696,,,,,,-3.5,4395045696,55.0,-3.5,,,,,,NO_EXACT_PIN_LINE,2026-10-05T05:18:25+00:00,3.5
Penn St Nittany Lions vs. USC Trojans,Penn State Nittany Lions vs USC Trojans,total,Moins de 58.5,58.5,1.8,,,,,,3.5,4395045697,55.0,3.5,,,,,,NO_EXACT_PIN_LINE,2026-10-05T05:18:25+00:00,3.5
Missouri Tigers vs. Texas A&M Aggies,Missouri Tigers vs Texas A&M Aggies,total,Plus de 50.5,50.5,1.8334,,,,,,-2.5,4586541658,48.0,-2.5,,,,,,NO_EXACT_PIN_LINE,2026-10-05T05:18:25+00:00,2.5
Missouri Tigers vs. Texas A&M Aggies,Missouri Tigers vs Texas A&M Aggies,total,Moins de 50.5,50.5,1.8334,,,,,,2.5,4586541659,48.0,2.5,,,,,,NO_EXACT_PIN_LINE,2026-10-05T05:18:25+00:00,2.5
Oklahoma Sooners vs. Texas Longhorns,Oklahoma Sooners vs Texas Longhorns,total,Plus de 41.5,41.5,1.8334,,,,,,-2.5,4583193248,39.0,-2.5,,,,,,NO_EXACT_PIN_LINE,2026-10-05T05:18:25+00:00,2.5
Oklahoma Sooners vs. Texas Longhorns,Oklahoma Sooners vs Texas Longhorns,total,Moins de 41.5,41.5,1.8334,,,,,,2.5,4583193249,39.0,2.5,,,,,,NO_EXACT_PIN_LINE,2026-10-05T05:18:25+00:00,2.5
