match_gp,match_pin,market,selection,gp_line,gp_price,pin_main_line,line_gap,pin_exact_line,pin_exact_price,pin_exact_fair_prob,pin_exact_fair_price,exact_ev_pct,pricing_status,pin_line,pin_price,pin_fair_prob,pin_fair_price,price_ev_pct,line_edge,gp_odd_id,pin_snapshot_at,abs_line_edge,latest_gp_price,latest_gp_raw_line,latest_gp_status,live_exact_ev_pct,signal_type,refreshed_at,pin_age_minutes,detection_priority
Louisiana Tech Bulldogs vs. Army Black Knights,Louisiana Tech Bulldogs vs Army Black Knights,spread,Louisiana Tech Bulldogs (+2.5),2.5,1.6897,-1.0,3.5,2.5,1.751,0.5488276217469725,1.8220657276995305,-7.264596753414054,EXACT_ALT,2.5,1.751,0.5488276217469725,1.8220657276995305,-7.264596753414054,3.5,4567451067,2026-10-03T20:10:22+00:00,3.5,1.6897,2.5,0,-7.264596753414054,WATCH,2026-10-03T20:10:27.654483+00:00,0.1,3.5
Texas A&M Aggies vs. Arkansas Razorbacks,Texas A&M Aggies vs Arkansas Razorbacks,spread,Texas A&M Aggies (-10.5),-10.5,1.6667,-14.0,3.5,,,,,,NO_EXACT_PIN_LINE,,,,,,3.5,4564383555,2026-10-03T20:10:22+00:00,3.5,1.6667,-10.5,0,,WATCH,2026-10-03T20:10:27.654483+00:00,0.1,3.5
Colorado Buffaloes vs. Texas Tech Red Raiders,Colorado Buffaloes vs Texas Tech Red Raiders,spread,Texas Tech Red Raiders (-10.5),-10.5,1.6667,-14.0,3.5,,,,,,NO_EXACT_PIN_LINE,,,,,,3.5,4564337981,2026-10-03T20:10:22+00:00,3.5,1.6667,10.5,0,,WATCH,2026-10-03T20:10:27.654483+00:00,0.1,3.5
USC Trojans vs. Washington Huskies,USC Trojans vs Washington Huskies,spread,Washington Huskies (+10.5),10.5,1.6667,7.0,3.5,,,,,,NO_EXACT_PIN_LINE,,,,,,3.5,4549321459,2026-10-03T20:10:22+00:00,3.5,1.6667,-10.5,0,,WATCH,2026-10-03T20:10:27.654483+00:00,0.1,3.5
Jackson State Tigers vs. Alabama A&M Bulldogs,Jackson State Tigers vs Alabama A&M Bulldogs,total,Moins de 52.5,52.5,2.0,49.5,3.0,,,,,,NO_EXACT_PIN_LINE,,,,,,3.0,4592072045,2026-10-03T20:10:22+00:00,3.0,2.0,52.5,7,,WATCH,2026-10-03T20:10:27.654483+00:00,0.1,3.0
Charleston Southern Buccaneers vs. Gardner Webb Runnin Bulldogs,Charleston Southern Buccaneers vs Gardner-Webb Runnin´ Bulldogs,total,Plus de 45.5,45.5,1.9091,48.5,3.0,,,,,,NO_EXACT_PIN_LINE,,,,,,3.0,4591736860,2026-10-03T20:10:22+00:00,3.0,1.9091,45.5,7,,WATCH,2026-10-03T20:10:27.654483+00:00,0.1,3.0
Illinois State Redbirds vs. South Dakota State Jackrabbits,Illinois State Redbirds vs South Dakota State Jackrabbits,total,Plus de 52.5,52.5,1.8696,55.5,3.0,,,,,,NO_EXACT_PIN_LINE,,,,,,3.0,4591734647,2026-10-03T20:10:22+00:00,3.0,1.8696,52.5,0,,WATCH,2026-10-03T20:10:27.654483+00:00,0.1,3.0
Rutgers Scarlet Knights vs. Indiana Hoosiers,Rutgers Scarlet Knights vs Indiana Hoosiers,spread,Indiana Hoosiers (-21.5),-21.5,1.6897,-24.5,3.0,,,,,,NO_EXACT_PIN_LINE,,,,,,3.0,4564515538,2026-10-03T20:10:22+00:00,3.0,1.6897,21.5,0,,WATCH,2026-10-03T20:10:27.654483+00:00,0.1,3.0
San Diego State Aztecs vs. Texas State Bobcats,San Diego State Aztecs vs Texas State Bobcats,spread,San Diego State Aztecs (+12.5),12.5,1.6897,9.5,3.0,,,,,,NO_EXACT_PIN_LINE,,,,,,3.0,4567507151,2026-10-03T20:10:22+00:00,3.0,1.6897,12.5,0,,WATCH,2026-10-03T20:10:27.654483+00:00,0.1,3.0
Coastal Carolina vs. Georgia Southern Eagles,Coastal Carolina Chanticleers vs Georgia Southern Eagles,spread,Georgia Southern Eagles (+1.5),1.5,1.6667,-1.5,3.0,1.5,1.724,0.5584016393442623,1.7908256880733944,-6.931198770491786,EXACT_ALT,1.5,1.724,0.5584016393442623,1.7908256880733944,-6.931198770491786,3.0,4568164408,2026-10-03T20:10:22+00:00,3.0,1.6667,-1.5,0,-6.931198770491786,WATCH,2026-10-03T20:10:27.654483+00:00,0.1,3.0
Arizona Wildcats vs. Cincinnati Bearcats,Arizona Wildcats vs Cincinnati Bearcats,total,Moins de 58.5,58.5,1.6667,55.5,3.0,,,,,,NO_EXACT_PIN_LINE,,,,,,3.0,4564248450,2026-10-03T20:10:22+00:00,3.0,1.6667,58.5,0,,WATCH,2026-10-03T20:10:27.654483+00:00,0.1,3.0
Louisiana Tech Bulldogs vs. Army Black Knights,Louisiana Tech Bulldogs vs Army Black Knights,total,Plus de 44.5,44.5,1.6667,47.5,3.0,,,,,,NO_EXACT_PIN_LINE,,,,,,3.0,4567450954,2026-10-03T20:10:22+00:00,3.0,1.6667,44.5,0,,WATCH,2026-10-03T20:10:27.654483+00:00,0.1,3.0
Boise State Broncos vs. Utah State Aggies,Boise State Broncos vs Utah State Aggies,spread,Boise State Broncos (-16.5),-16.5,1.6667,-19.5,3.0,,,,,,NO_EXACT_PIN_LINE,,,,,,3.0,4567496224,2026-10-03T20:10:22+00:00,3.0,1.6667,-16.5,0,,WATCH,2026-10-03T20:10:27.654483+00:00,0.1,3.0
Clemson Tigers vs. Miami Hurricanes,Clemson Tigers vs Miami Hurricanes,spread,Miami Hurricanes (-12.5),-12.5,1.6667,-15.5,3.0,,,,,,NO_EXACT_PIN_LINE,,,,,,3.0,4395051659,2026-10-03T20:10:22+00:00,3.0,1.6667,12.5,0,,WATCH,2026-10-03T20:10:27.654483+00:00,0.1,3.0
Hawaii Rainbow Warriors vs. San Jose State Spartans,Hawaii Rainbow Warriors vs San Jose State Spartans,total,Moins de 53.5,53.5,1.6667,50.5,3.0,,,,,,NO_EXACT_PIN_LINE,,,,,,3.0,4564607402,2026-10-03T20:10:22+00:00,3.0,1.6667,53.5,0,,WATCH,2026-10-03T20:10:27.654483+00:00,0.1,3.0
Illinois Fighting Illini vs. Purdue Boilermakers,Illinois Fighting Illini vs Purdue Boilermakers,total,Moins de 64.5,64.5,1.6667,61.5,3.0,,,,,,NO_EXACT_PIN_LINE,,,,,,3.0,4564347163,2026-10-03T20:10:22+00:00,3.0,1.6667,64.5,0,,WATCH,2026-10-03T20:10:27.654483+00:00,0.1,3.0
South Alabama Jaguars vs. Louisiana-Monroe Warhawks,South Alabama Jaguars vs Louisiana-Monroe Warhawks,spread,South Alabama Jaguars (-10.5),-10.5,1.6667,-13.5,3.0,,,,,,NO_EXACT_PIN_LINE,,,,,,3.0,4564450760,2026-10-03T20:10:22+00:00,3.0,1.6667,-10.5,0,,WATCH,2026-10-03T20:10:27.654483+00:00,0.1,3.0
South Alabama Jaguars vs. Louisiana-Monroe Warhawks,South Alabama Jaguars vs Louisiana-Monroe Warhawks,spread,Louisiana-Monroe Warhawks (+16.5),16.5,1.6667,13.5,3.0,,,,,,NO_EXACT_PIN_LINE,,,,,,3.0,4564450765,2026-10-03T20:10:22+00:00,3.0,1.6667,-16.5,0,,WATCH,2026-10-03T20:10:27.654483+00:00,0.1,3.0
Rice Owls vs. UT San Antonio Roadrunners,Rice Owls vs UTSA Roadrunners,total,Moins de 58.5,58.5,1.6667,55.5,3.0,,,,,,NO_EXACT_PIN_LINE,,,,,,3.0,4564378268,2026-10-03T20:10:22+00:00,3.0,1.6667,58.5,0,,WATCH,2026-10-03T20:10:27.654483+00:00,0.1,3.0
Rice Owls vs. UT San Antonio Roadrunners,Rice Owls vs UTSA Roadrunners,spread,Rice Owls (+14.5),14.5,1.6667,11.5,3.0,,,,,,NO_EXACT_PIN_LINE,,,,,,3.0,4564378140,2026-10-03T20:10:22+00:00,3.0,1.6667,14.5,0,,WATCH,2026-10-03T20:10:27.654483+00:00,0.1,3.0
USC Trojans vs. Washington Huskies,USC Trojans vs Washington Huskies,total,Moins de 60.5,60.5,1.6667,57.5,3.0,,,,,,NO_EXACT_PIN_LINE,,,,,,3.0,4549322605,2026-10-03T20:10:22+00:00,3.0,1.6667,60.5,0,,WATCH,2026-10-03T20:10:27.654483+00:00,0.1,3.0
Louisiana Tech Bulldogs vs. Army Black Knights,Louisiana Tech Bulldogs vs Army Black Knights,spread,Louisiana Tech Bulldogs (+1.5),1.5,1.7693,-1.0,2.5,1.5,1.826,0.5276771857216761,1.8950980392156864,-6.638075530263842,EXACT_ALT,1.5,1.826,0.5276771857216761,1.8950980392156864,-6.638075530263842,2.5,4567451045,2026-10-03T20:10:22+00:00,2.5,1.7693,1.5,0,-6.638075530263842,WATCH,2026-10-03T20:10:27.654483+00:00,0.1,2.5
Illinois Fighting Illini vs. Purdue Boilermakers,Illinois Fighting Illini vs Purdue Boilermakers,spread,Illinois Fighting Illini (-7.5),-7.5,1.7408,-10.0,2.5,,,,,,NO_EXACT_PIN_LINE,,,,,,2.5,4564347513,2026-10-03T20:10:22+00:00,2.5,1.7408,-7.5,0,,WATCH,2026-10-03T20:10:27.654483+00:00,0.1,2.5
USC Trojans vs. Washington Huskies,USC Trojans vs Washington Huskies,spread,Washington Huskies (+9.5),9.5,1.7408,7.0,2.5,,,,,,NO_EXACT_PIN_LINE,,,,,,2.5,4549322177,2026-10-03T20:10:22+00:00,2.5,1.7408,-9.5,0,,WATCH,2026-10-03T20:10:27.654483+00:00,0.1,2.5
Texas A&M Aggies vs. Arkansas Razorbacks,Texas A&M Aggies vs Arkansas Razorbacks,spread,Texas A&M Aggies (-11.5),-11.5,1.7143,-14.0,2.5,,,,,,NO_EXACT_PIN_LINE,,,,,,2.5,4564383557,2026-10-03T20:10:22+00:00,2.5,1.7143,-11.5,0,,WATCH,2026-10-03T20:10:27.654483+00:00,0.1,2.5
Colorado Buffaloes vs. Texas Tech Red Raiders,Colorado Buffaloes vs Texas Tech Red Raiders,spread,Texas Tech Red Raiders (-11.5),-11.5,1.7143,-14.0,2.5,,,,,,NO_EXACT_PIN_LINE,,,,,,2.5,4564337983,2026-10-03T20:10:22+00:00,2.5,1.7143,11.5,0,,WATCH,2026-10-03T20:10:27.654483+00:00,0.1,2.5
FLORIDE DU SUD vs. Temple Owls,South Florida Bulls vs Temple Owls,total,Moins de 50.5,50.5,1.7143,48.0,2.5,,,,,,NO_EXACT_PIN_LINE,,,,,,2.5,4565187915,2026-10-03T20:10:22+00:00,2.5,1.7143,50.5,0,,WATCH,2026-10-03T20:10:27.654483+00:00,0.1,2.5
Arizona Wildcats vs. Cincinnati Bearcats,Arizona Wildcats vs Cincinnati Bearcats,spread,Arizona Wildcats (-4.5),-4.5,1.6897,-7.0,2.5,,,,,,NO_EXACT_PIN_LINE,,,,,,2.5,4564248782,2026-10-03T20:10:22+00:00,2.5,1.6897,-4.5,0,,WATCH,2026-10-03T20:10:27.654483+00:00,0.1,2.5
Texas A&M Aggies vs. Arkansas Razorbacks,Texas A&M Aggies vs Arkansas Razorbacks,spread,Arkansas Razorbacks (+16.5),16.5,1.6897,14.0,2.5,,,,,,NO_EXACT_PIN_LINE,,,,,,2.5,4564383564,2026-10-03T20:10:22+00:00,2.5,1.6897,-16.5,0,,WATCH,2026-10-03T20:10:27.654483+00:00,0.1,2.5
TCU Horned Frogs vs. BYU Cougars,TCU Horned Frogs vs BYU Cougars,total,Moins de 50.5,50.5,1.6897,48.0,2.5,,,,,,NO_EXACT_PIN_LINE,,,,,,2.5,4551168723,2026-10-03T20:10:22+00:00,2.5,1.6897,50.5,0,,WATCH,2026-10-03T20:10:27.654483+00:00,0.1,2.5
Clemson Tigers vs. Miami Hurricanes,Clemson Tigers vs Miami Hurricanes,total,Moins de 50.5,50.5,1.6897,48.0,2.5,,,,,,NO_EXACT_PIN_LINE,,,,,,2.5,4395051641,2026-10-03T20:10:22+00:00,2.5,1.6897,50.5,0,,WATCH,2026-10-03T20:10:27.654483+00:00,0.1,2.5
Colorado Buffaloes vs. Texas Tech Red Raiders,Colorado Buffaloes vs Texas Tech Red Raiders,spread,Colorado Buffaloes (+16.5),16.5,1.6897,14.0,2.5,,,,,,NO_EXACT_PIN_LINE,,,,,,2.5,4564337992,2026-10-03T20:10:22+00:00,2.5,1.6897,16.5,0,,WATCH,2026-10-03T20:10:27.654483+00:00,0.1,2.5
COLORADO vs. Oregon State Beavers,Colorado State Rams vs Oregon State Beavers,total,Plus de 59.5,59.5,1.6897,62.0,2.5,,,,,,NO_EXACT_PIN_LINE,,,,,,2.5,4564623942,2026-10-03T20:10:22+00:00,2.5,1.6897,59.5,0,,WATCH,2026-10-03T20:10:27.654483+00:00,0.1,2.5
COLORADO vs. Oregon State Beavers,Colorado State Rams vs Oregon State Beavers,total,Moins de 64.5,64.5,1.6897,62.0,2.5,,,,,,NO_EXACT_PIN_LINE,,,,,,2.5,4564623953,2026-10-03T20:10:22+00:00,2.5,1.6897,64.5,0,,WATCH,2026-10-03T20:10:27.654483+00:00,0.1,2.5
COLORADO vs. Oregon State Beavers,Colorado State Rams vs Oregon State Beavers,spread,Oregon State Beavers (-4.5),-4.5,1.6897,-7.0,2.5,,,,,,NO_EXACT_PIN_LINE,,,,,,2.5,4564623901,2026-10-03T20:10:22+00:00,2.5,1.6897,4.5,0,,WATCH,2026-10-03T20:10:27.654483+00:00,0.1,2.5
Illinois Fighting Illini vs. Purdue Boilermakers,Illinois Fighting Illini vs Purdue Boilermakers,spread,Purdue Boilermakers (+12.5),12.5,1.6897,10.0,2.5,,,,,,NO_EXACT_PIN_LINE,,,,,,2.5,4564347470,2026-10-03T20:10:22+00:00,2.5,1.6897,-12.5,0,,WATCH,2026-10-03T20:10:27.654483+00:00,0.1,2.5
Rutgers Scarlet Knights vs. Indiana Hoosiers,Rutgers Scarlet Knights vs Indiana Hoosiers,total,Plus de 54.5,54.5,1.6897,57.0,2.5,,,,,,NO_EXACT_PIN_LINE,,,,,,2.5,4564515191,2026-10-03T20:10:22+00:00,2.5,1.6897,54.5,0,,WATCH,2026-10-03T20:10:27.654483+00:00,0.1,2.5
Texas A&M Aggies vs. Arkansas Razorbacks,Texas A&M Aggies vs Arkansas Razorbacks,total,Moins de 52.5,52.5,1.6667,50.0,2.5,,,,,,NO_EXACT_PIN_LINE,,,,,,2.5,4564384383,2026-10-03T20:10:22+00:00,2.5,1.6667,52.5,0,,WATCH,2026-10-03T20:10:27.654483+00:00,0.1,2.5
TCU Horned Frogs vs. BYU Cougars,TCU Horned Frogs vs BYU Cougars,total,Plus de 45.5,45.5,1.6667,48.0,2.5,,,,,,NO_EXACT_PIN_LINE,,,,,,2.5,4551169161,2026-10-03T20:10:22+00:00,2.5,1.6667,45.5,0,,WATCH,2026-10-03T20:10:27.654483+00:00,0.1,2.5
Clemson Tigers vs. Miami Hurricanes,Clemson Tigers vs Miami Hurricanes,total,Plus de 45.5,45.5,1.6667,48.0,2.5,,,,,,NO_EXACT_PIN_LINE,,,,,,2.5,4395051144,2026-10-03T20:10:22+00:00,2.5,1.6667,45.5,0,,WATCH,2026-10-03T20:10:27.654483+00:00,0.1,2.5
Coastal Carolina vs. Georgia Southern Eagles,Coastal Carolina Chanticleers vs Georgia Southern Eagles,total,Plus de 50.5,50.5,1.6667,53.0,2.5,,,,,,NO_EXACT_PIN_LINE,,,,,,2.5,4568164572,2026-10-03T20:10:22+00:00,2.5,1.6667,50.5,0,,WATCH,2026-10-03T20:10:27.654483+00:00,0.1,2.5
Coastal Carolina vs. Georgia Southern Eagles,Coastal Carolina Chanticleers vs Georgia Southern Eagles,total,Moins de 55.5,55.5,1.6667,53.0,2.5,,,,,,NO_EXACT_PIN_LINE,,,,,,2.5,4568164583,2026-10-03T20:10:22+00:00,2.5,1.6667,55.5,0,,WATCH,2026-10-03T20:10:27.654483+00:00,0.1,2.5
Florida Atlantic Owls vs. Texas Southern Tigers,Florida Atlantic Owls vs Texas Southern Tigers,spread,Florida Atlantic Owls (-44.5),-44.5,1.6667,-47.0,2.5,,,,,,NO_EXACT_PIN_LINE,,,,,,2.5,4577208028,2026-10-03T20:10:22+00:00,2.5,1.6667,-44.5,7,,WATCH,2026-10-03T20:10:27.654483+00:00,0.1,2.5
South Carolina Gamecocks vs. Kentucky Wildcats,South Carolina Gamecocks vs Kentucky Wildcats,total,Plus de 50.5,50.5,1.6667,53.0,2.5,,,,,,NO_EXACT_PIN_LINE,,,,,,2.5,4555844480,2026-10-03T20:10:22+00:00,2.5,1.6667,50.5,0,,WATCH,2026-10-03T20:10:27.654483+00:00,0.1,2.5
South Carolina Gamecocks vs. Kentucky Wildcats,South Carolina Gamecocks vs Kentucky Wildcats,total,Moins de 55.5,55.5,1.6667,53.0,2.5,,,,,,NO_EXACT_PIN_LINE,,,,,,2.5,4555844491,2026-10-03T20:10:22+00:00,2.5,1.6667,55.5,0,,WATCH,2026-10-03T20:10:27.654483+00:00,0.1,2.5
South Alabama Jaguars vs. Louisiana-Monroe Warhawks,South Alabama Jaguars vs Louisiana-Monroe Warhawks,total,Plus de 54.5,54.5,1.6667,57.0,2.5,,,,,,NO_EXACT_PIN_LINE,,,,,,2.5,4564450660,2026-10-03T20:10:22+00:00,2.5,1.6667,54.5,0,,WATCH,2026-10-03T20:10:27.654483+00:00,0.1,2.5
South Alabama Jaguars vs. Louisiana-Monroe Warhawks,South Alabama Jaguars vs Louisiana-Monroe Warhawks,total,Moins de 59.5,59.5,1.6667,57.0,2.5,,,,,,NO_EXACT_PIN_LINE,,,,,,2.5,4564450667,2026-10-03T20:10:22+00:00,2.5,1.6667,59.5,0,,WATCH,2026-10-03T20:10:27.654483+00:00,0.1,2.5
South Alabama Jaguars vs. Louisiana-Monroe Warhawks,South Alabama Jaguars vs Louisiana-Monroe Warhawks,spread,Louisiana-Monroe Warhawks (+15.5),15.5,1.7143,13.5,2.0,15.5,1.641,0.5857106791214339,1.7073275862068966,0.4083817217874097,EXACT_ALT,15.5,1.641,0.5857106791214339,1.7073275862068966,0.4083817217874097,2.0,4564451043,2026-10-03T20:10:22+00:00,2.0,1.7143,-15.5,0,0.4083817217874097,WATCH,2026-10-03T20:10:27.654483+00:00,0.1,2.4083817217874097
Jackson State Tigers vs. Alabama A&M Bulldogs,Jackson State Tigers vs Alabama A&M Bulldogs,total,Moins de 51.5,51.5,2.1,49.5,2.0,,,,,,NO_EXACT_PIN_LINE,,,,,,2.0,4591292588,2026-10-03T20:10:22+00:00,2.0,2.1,51.5,7,,WATCH,2026-10-03T20:10:27.654483+00:00,0.1,2.0
Charleston Southern Buccaneers vs. Gardner Webb Runnin Bulldogs,Charleston Southern Buccaneers vs Gardner-Webb Runnin´ Bulldogs,total,Plus de 46.5,46.5,2.0,48.5,2.0,,,,,,NO_EXACT_PIN_LINE,,,,,,2.0,4591265514,2026-10-03T20:10:22+00:00,2.0,2.0,46.5,7,,WATCH,2026-10-03T20:10:27.654483+00:00,0.1,2.0
Illinois State Redbirds vs. South Dakota State Jackrabbits,Illinois State Redbirds vs South Dakota State Jackrabbits,total,Plus de 53.5,53.5,1.9524,55.5,2.0,,,,,,NO_EXACT_PIN_LINE,,,,,,2.0,4591074649,2026-10-03T20:10:22+00:00,2.0,1.9524,53.5,7,,WATCH,2026-10-03T20:10:27.654483+00:00,0.1,2.0
North Carolina Central Eagles vs. Campbell Fighting Camels,North Carolina Central Eagles vs Campbell Fighting Camels,spread,North Carolina Central Eagles (+12.5),12.5,1.8696,10.5,2.0,,,,,,NO_EXACT_PIN_LINE,,,,,,2.0,4591099752,2026-10-03T20:10:22+00:00,2.0,1.8696,12.5,0,,WATCH,2026-10-03T20:10:27.654483+00:00,0.1,2.0
Bryant Bulldogs vs. North Carolina A&T Aggies,Bryant Bulldogs vs North Carolina A&T Aggies,spread,Bryant Bulldogs (-13.5),-13.5,1.8,-15.5,2.0,,,,,,NO_EXACT_PIN_LINE,,,,,,2.0,4592442188,2026-10-03T20:10:22+00:00,2.0,1.8,-13.5,0,,WATCH,2026-10-03T20:10:27.654483+00:00,0.1,2.0
Cal Poly Mustangs vs. Weber State Wildcats,Cal Poly Mustangs vs Weber State Wildcats,total,Moins de 67.5,67.5,1.8,65.5,2.0,,,,,,NO_EXACT_PIN_LINE,,,,,,2.0,4591613033,2026-10-03T20:10:22+00:00,2.0,1.8,67.5,0,,WATCH,2026-10-03T20:10:27.654483+00:00,0.1,2.0
Rice Owls vs. UT San Antonio Roadrunners,Rice Owls vs UTSA Roadrunners,spread,Rice Owls (+13.5),13.5,1.7693,11.5,2.0,13.5,1.775,0.5419354838709678,1.8452380952380951,-4.115354838709662,EXACT_ALT,13.5,1.775,0.5419354838709678,1.8452380952380951,-4.115354838709662,2.0,4564378213,2026-10-03T20:10:22+00:00,2.0,1.7693,13.5,0,-4.115354838709662,WATCH,2026-10-03T20:10:27.654483+00:00,0.1,2.0
Wash State Cougars vs. FRESNO,Washington State Cougars vs Fresno State Bulldogs,total,Moins de 46.5,46.5,1.7408,44.5,2.0,46.5,1.671,0.5705474171164227,1.7527027027027022,-0.6791056283731556,EXACT_ALT,46.5,1.671,0.5705474171164227,1.7527027027027022,-0.6791056283731556,2.0,4567503554,2026-10-03T20:10:22+00:00,2.0,1.7408,46.5,0,-0.6791056283731556,WATCH,2026-10-03T20:10:27.654483+00:00,0.1,2.0
Rutgers Scarlet Knights vs. Indiana Hoosiers,Rutgers Scarlet Knights vs Indiana Hoosiers,spread,Indiana Hoosiers (-22.5),-22.5,1.7408,-24.5,2.0,-22.5,1.714,0.5609631147540983,1.782648401826484,-2.3475409836065664,EXACT_ALT,-22.5,1.714,0.5609631147540983,1.782648401826484,-2.3475409836065664,2.0,4564515540,2026-10-03T20:10:22+00:00,2.0,1.7408,22.5,0,-2.3475409836065664,WATCH,2026-10-03T20:10:27.654483+00:00,0.1,2.0
Louisiana Tech Bulldogs vs. Army Black Knights,Louisiana Tech Bulldogs vs Army Black Knights,total,Plus de 45.5,45.5,1.7408,47.5,2.0,45.5,1.735,0.5499351491569391,1.818396226415094,-4.267289234760052,EXACT_ALT,45.5,1.735,0.5499351491569391,1.818396226415094,-4.267289234760052,2.0,4567450990,2026-10-03T20:10:22+00:00,2.0,1.7408,45.5,0,-4.267289234760052,WATCH,2026-10-03T20:10:27.654483+00:00,0.1,2.0
Arizona Wildcats vs. Cincinnati Bearcats,Arizona Wildcats vs Cincinnati Bearcats,total,Moins de 57.5,57.5,1.7408,55.5,2.0,57.5,1.74,0.548051948051948,1.8246445497630333,-4.59511688311689,EXACT_ALT,57.5,1.74,0.548051948051948,1.8246445497630333,-4.59511688311689,2.0,4564248448,2026-10-03T20:10:22+00:00,2.0,1.7408,57.5,0,-4.59511688311689,WATCH,2026-10-03T20:10:27.654483+00:00,0.1,2.0
Boise State Broncos vs. Utah State Aggies,Boise State Broncos vs Utah State Aggies,spread,Boise State Broncos (-17.5),-17.5,1.7408,-19.5,2.0,-17.5,1.819,0.5286343612334802,1.8916666666666664,-7.975330396475777,EXACT_ALT,-17.5,1.819,0.5286343612334802,1.8916666666666664,-7.975330396475777,2.0,4567496226,2026-10-03T20:10:22+00:00,2.0,1.7408,-17.5,0,-7.975330396475777,WATCH,2026-10-03T20:10:27.654483+00:00,0.1,2.0
Clemson Tigers vs. Miami Hurricanes,Clemson Tigers vs Miami Hurricanes,spread,Miami Hurricanes (-13.5),-13.5,1.7143,-15.5,2.0,-13.5,1.666,0.5778003041054233,1.7307017543859649,-0.9476938672072888,EXACT_ALT,-13.5,1.666,0.5778003041054233,1.7307017543859649,-0.9476938672072888,2.0,4395051661,2026-10-03T20:10:22+00:00,2.0,1.7143,13.5,0,-0.9476938672072888,WATCH,2026-10-03T20:10:27.654483+00:00,0.1,2.0
Illinois Fighting Illini vs. Purdue Boilermakers,Illinois Fighting Illini vs Purdue Boilermakers,total,Plus de 59.5,59.5,1.7143,61.5,2.0,59.5,1.657,0.5748011290736464,1.7397321428571426,-1.4618424429047927,EXACT_ALT,59.5,1.657,0.5748011290736464,1.7397321428571426,-1.4618424429047927,2.0,4564347152,2026-10-03T20:10:22+00:00,2.0,1.7143,59.5,0,-1.4618424429047927,WATCH,2026-10-03T20:10:27.654483+00:00,0.1,2.0
Rice Owls vs. UT San Antonio Roadrunners,Rice Owls vs UTSA Roadrunners,total,Moins de 57.5,57.5,1.7143,55.5,2.0,57.5,1.709,0.5582837942620832,1.791203703703704,-4.293409149651084,EXACT_ALT,57.5,1.709,0.5582837942620832,1.791203703703704,-4.293409149651084,2.0,4564378266,2026-10-03T20:10:22+00:00,2.0,1.7143,57.5,0,-4.293409149651084,WATCH,2026-10-03T20:10:27.654483+00:00,0.1,2.0
San Diego State Aztecs vs. Texas State Bobcats,San Diego State Aztecs vs Texas State Bobcats,spread,Texas State Bobcats (-7.5),-7.5,1.7143,-9.5,2.0,-7.5,1.729,0.5565529622980251,1.7967741935483872,-4.590125673249568,EXACT_ALT,-7.5,1.729,0.5565529622980251,1.7967741935483872,-4.590125673249568,2.0,4567507170,2026-10-03T20:10:22+00:00,2.0,1.7143,7.5,0,-4.590125673249568,WATCH,2026-10-03T20:10:27.654483+00:00,0.1,2.0
Arizona State Sun Devils vs. Baylor Bears,Arizona State Sun Devils vs Baylor Bears,total,Moins de 50.5,50.5,1.7143,48.5,2.0,50.5,1.714,0.5564182194616978,1.7972093023255813,-4.6132246376811565,EXACT_ALT,50.5,1.714,0.5564182194616978,1.7972093023255813,-4.6132246376811565,2.0,4564184680,2026-10-03T20:10:22+00:00,2.0,1.7143,50.5,0,-4.6132246376811565,WATCH,2026-10-03T20:10:27.654483+00:00,0.1,2.0
Colorado Buffaloes vs. Texas Tech Red Raiders,Colorado Buffaloes vs Texas Tech Red Raiders,total,Moins de 51.5,51.5,1.7143,49.5,2.0,51.5,1.714,0.5564182194616978,1.7972093023255813,-4.6132246376811565,EXACT_ALT,51.5,1.714,0.5564182194616978,1.7972093023255813,-4.6132246376811565,2.0,4564338298,2026-10-03T20:10:22+00:00,2.0,1.7143,51.5,0,-4.6132246376811565,WATCH,2026-10-03T20:10:27.654483+00:00,0.1,2.0
Hawaii Rainbow Warriors vs. San Jose State Spartans,Hawaii Rainbow Warriors vs San Jose State Spartans,total,Moins de 52.5,52.5,1.7143,50.5,2.0,52.5,1.719,0.5545478103135527,1.8032710280373832,-4.933868877947667,EXACT_ALT,52.5,1.719,0.5545478103135527,1.8032710280373832,-4.933868877947667,2.0,4564607400,2026-10-03T20:10:22+00:00,2.0,1.7143,52.5,0,-4.933868877947667,WATCH,2026-10-03T20:10:27.654483+00:00,0.1,2.0
San Diego State Aztecs vs. Texas State Bobcats,San Diego State Aztecs vs Texas State Bobcats,total,Plus de 55.5,55.5,1.7143,57.5,2.0,55.5,1.719,0.5545478103135527,1.8032710280373832,-4.933868877947667,EXACT_ALT,55.5,1.719,0.5545478103135527,1.8032710280373832,-4.933868877947667,2.0,4567507123,2026-10-03T20:10:22+00:00,2.0,1.7143,55.5,0,-4.933868877947667,WATCH,2026-10-03T20:10:27.654483+00:00,0.1,2.0
USC Trojans vs. Washington Huskies,USC Trojans vs Washington Huskies,total,Moins de 59.5,59.5,1.7143,57.5,2.0,59.5,1.719,0.5545478103135527,1.8032710280373832,-4.933868877947667,EXACT_ALT,59.5,1.719,0.5545478103135527,1.8032710280373832,-4.933868877947667,2.0,4549322603,2026-10-03T20:10:22+00:00,2.0,1.7143,59.5,0,-4.933868877947667,WATCH,2026-10-03T20:10:27.654483+00:00,0.1,2.0
San Diego State Aztecs vs. Texas State Bobcats,San Diego State Aztecs vs Texas State Bobcats,spread,San Diego State Aztecs (+11.5),11.5,1.7143,9.5,2.0,11.5,1.74,0.5526992287917738,1.8093023255813956,-5.250771208226224,EXACT_ALT,11.5,1.74,0.5526992287917738,1.8093023255813956,-5.250771208226224,2.0,4567507149,2026-10-03T20:10:22+00:00,2.0,1.7143,11.5,0,-5.250771208226224,WATCH,2026-10-03T20:10:27.654483+00:00,0.1,2.0
Louisiana-Lafayette Ragin Cajuns vs. Arkansas St Red Wolves,Louisiana Ragin Cajuns vs Arkansas State Red Wolves,total,Plus de 47.5,47.5,1.7143,49.5,2.0,47.5,1.724,0.5526725480020758,1.8093896713615023,-5.255345096004149,EXACT_ALT,47.5,1.724,0.5526725480020758,1.8093896713615023,-5.255345096004149,2.0,4567463296,2026-10-03T20:10:22+00:00,2.0,1.7143,47.5,0,-5.255345096004149,WATCH,2026-10-03T20:10:27.654483+00:00,0.1,2.0
Boise State Broncos vs. Utah State Aggies,Boise State Broncos vs Utah State Aggies,total,Plus de 49.5,49.5,1.7143,51.5,2.0,49.5,1.746,0.546021840873635,1.8314285714285712,-6.395475819032748,EXACT_ALT,49.5,1.746,0.546021840873635,1.8314285714285712,-6.395475819032748,2.0,4567496334,2026-10-03T20:10:22+00:00,2.0,1.7143,49.5,0,-6.395475819032748,WATCH,2026-10-03T20:10:27.654483+00:00,0.1,2.0
South Alabama Jaguars vs. Louisiana-Monroe Warhawks,South Alabama Jaguars vs Louisiana-Monroe Warhawks,spread,South Alabama Jaguars (-11.5),-11.5,1.7143,-13.5,2.0,-11.5,1.787,0.5390766056229043,1.855023923444976,-7.586097498065525,EXACT_ALT,-11.5,1.787,0.5390766056229043,1.855023923444976,-7.586097498065525,2.0,4564450762,2026-10-03T20:10:22+00:00,2.0,1.7143,-11.5,0,-7.586097498065525,WATCH,2026-10-03T20:10:27.654483+00:00,0.1,2.0
Illinois Fighting Illini vs. Purdue Boilermakers,Illinois Fighting Illini vs Purdue Boilermakers,total,Moins de 63.5,63.5,1.7143,61.5,2.0,63.5,1.775,0.5371577574967407,1.8616504854368927,-7.915045632333751,EXACT_ALT,63.5,1.775,0.5371577574967407,1.8616504854368927,-7.915045632333751,2.0,4564347161,2026-10-03T20:10:22+00:00,2.0,1.7143,63.5,0,-7.915045632333751,WATCH,2026-10-03T20:10:27.654483+00:00,0.1,2.0
Boise State Broncos vs. Utah State Aggies,Boise State Broncos vs Utah State Aggies,total,Moins de 53.5,53.5,1.6897,51.5,2.0,53.5,1.649,0.5781529803018676,1.7296460176991149,-2.309490918393442,EXACT_ALT,53.5,1.649,0.5781529803018676,1.7296460176991149,-2.309490918393442,2.0,4567496343,2026-10-03T20:10:22+00:00,2.0,1.6897,53.5,0,-2.309490918393442,WATCH,2026-10-03T20:10:27.654483+00:00,0.1,2.0
Louisiana-Lafayette Ragin Cajuns vs. Arkansas St Red Wolves,Louisiana Ragin Cajuns vs Arkansas State Red Wolves,total,Moins de 51.5,51.5,1.6897,49.5,2.0,51.5,1.666,0.5723819301848049,1.7470852017937222,-3.2846252566735235,EXACT_ALT,51.5,1.666,0.5723819301848049,1.7470852017937222,-3.2846252566735235,2.0,4567463305,2026-10-03T20:10:22+00:00,2.0,1.6897,51.5,0,-3.2846252566735235,WATCH,2026-10-03T20:10:27.654483+00:00,0.1,2.0
Hawaii Rainbow Warriors vs. San Jose State Spartans,Hawaii Rainbow Warriors vs San Jose State Spartans,total,Plus de 48.5,48.5,1.6897,50.5,2.0,48.5,1.666,0.5723819301848049,1.7470852017937222,-3.2846252566735235,EXACT_ALT,48.5,1.666,0.5723819301848049,1.7470852017937222,-3.2846252566735235,2.0,4564609560,2026-10-03T20:10:22+00:00,2.0,1.6897,48.5,0,-3.2846252566735235,WATCH,2026-10-03T20:10:27.654483+00:00,0.1,2.0
Arizona Wildcats vs. Cincinnati Bearcats,Arizona Wildcats vs Cincinnati Bearcats,total,Plus de 53.5,53.5,1.6897,55.5,2.0,53.5,1.671,0.5705474171164227,1.7527027027027022,-3.5946029298380644,EXACT_ALT,53.5,1.671,0.5705474171164227,1.7527027027027022,-3.5946029298380644,2.0,4564248439,2026-10-03T20:10:22+00:00,2.0,1.6897,53.5,0,-3.5946029298380644,WATCH,2026-10-03T20:10:27.654483+00:00,0.1,2.0
Florida Atlantic Owls vs. Texas Southern Tigers,Florida Atlantic Owls vs Texas Southern Tigers,total,Plus de 60.5,60.5,1.6897,62.5,2.0,60.5,1.662,0.5685358255451713,1.758904109589041,-3.934501557632397,EXACT_ALT,60.5,1.662,0.5685358255451713,1.758904109589041,-3.934501557632397,2.0,4590763749,2026-10-03T20:10:22+00:00,2.0,1.6897,60.5,7,-3.934501557632397,WATCH,2026-10-03T20:10:27.654483+00:00,0.1,2.0
Colorado Buffaloes vs. Texas Tech Red Raiders,Colorado Buffaloes vs Texas Tech Red Raiders,total,Plus de 47.5,47.5,1.6897,49.5,2.0,47.5,1.689,0.5645784996133024,1.7712328767123289,-4.603170920340293,EXACT_ALT,47.5,1.689,0.5645784996133024,1.7712328767123289,-4.603170920340293,2.0,4564338289,2026-10-03T20:10:22+00:00,2.0,1.6897,47.5,0,-4.603170920340293,WATCH,2026-10-03T20:10:27.654483+00:00,0.1,2.0
Rice Owls vs. UT San Antonio Roadrunners,Rice Owls vs UTSA Roadrunners,total,Plus de 53.5,53.5,1.6897,55.5,2.0,53.5,1.689,0.5645784996133024,1.7712328767123289,-4.603170920340293,EXACT_ALT,53.5,1.689,0.5645784996133024,1.7712328767123289,-4.603170920340293,2.0,4564378257,2026-10-03T20:10:22+00:00,2.0,1.6897,53.5,0,-4.603170920340293,WATCH,2026-10-03T20:10:27.654483+00:00,0.1,2.0
USC Trojans vs. Washington Huskies,USC Trojans vs Washington Huskies,total,Plus de 55.5,55.5,1.6897,57.5,2.0,55.5,1.694,0.5627258647392875,1.7770642201834863,-4.916210635002583,EXACT_ALT,55.5,1.694,0.5627258647392875,1.7770642201834863,-4.916210635002583,2.0,4549321498,2026-10-03T20:10:22+00:00,2.0,1.6897,55.5,0,-4.9162106350025825,WATCH,2026-10-03T20:10:27.654483+00:00,0.1,2.0
Rutgers Scarlet Knights vs. Indiana Hoosiers,Rutgers Scarlet Knights vs Indiana Hoosiers,spread,Rutgers Scarlet Knights (+26.5),26.5,1.6897,24.5,2.0,26.5,1.719,0.5602455871066769,1.784931506849315,-5.335303146584803,EXACT_ALT,26.5,1.719,0.5602455871066769,1.784931506849315,-5.335303146584803,2.0,4564515547,2026-10-03T20:10:22+00:00,2.0,1.6897,26.5,0,-5.335303146584803,WATCH,2026-10-03T20:10:27.654483+00:00,0.1,2.0
Arizona State Sun Devils vs. Baylor Bears,Arizona State Sun Devils vs Baylor Bears,total,Plus de 46.5,46.5,1.6897,48.5,2.0,46.5,1.709,0.5582837942620832,1.791203703703704,-5.666787283535801,EXACT_ALT,46.5,1.709,0.5582837942620832,1.791203703703704,-5.666787283535801,2.0,4564184677,2026-10-03T20:10:22+00:00,2.0,1.6897,46.5,0,-5.666787283535801,WATCH,2026-10-03T20:10:27.654483+00:00,0.1,2.0
Clemson Tigers vs. Miami Hurricanes,Clemson Tigers vs Miami Hurricanes,spread,Clemson Tigers (+17.5),17.5,1.6897,15.5,2.0,17.5,1.735,0.5545571245186136,1.8032407407407407,-6.296482670089865,EXACT_ALT,17.5,1.735,0.5545571245186136,1.8032407407407407,-6.296482670089865,2.0,4395051668,2026-10-03T20:10:22+00:00,2.0,1.6897,17.5,0,-6.296482670089865,WATCH,2026-10-03T20:10:27.654483+00:00,0.1,2.0
San Diego State Aztecs vs. Texas State Bobcats,San Diego State Aztecs vs Texas State Bobcats,total,Moins de 59.5,59.5,1.6897,57.5,2.0,59.5,1.724,0.5526725480020758,1.8093896713615023,-6.614919564089261,EXACT_ALT,59.5,1.724,0.5526725480020758,1.8093896713615023,-6.614919564089261,2.0,4567507132,2026-10-03T20:10:22+00:00,2.0,1.6897,59.5,0,-6.614919564089261,WATCH,2026-10-03T20:10:27.654483+00:00,0.1,2.0
Boise State Broncos vs. Utah State Aggies,Boise State Broncos vs Utah State Aggies,spread,Utah State Aggies (+21.5),21.5,1.6667,19.5,2.0,21.5,1.617,0.5944319036869827,1.682278481012658,-0.9260346124905894,EXACT_ALT,21.5,1.617,0.5944319036869827,1.682278481012658,-0.9260346124905894,2.0,4567496313,2026-10-03T20:10:22+00:00,2.0,1.6667,-21.5,0,-0.9260346124905894,WATCH,2026-10-03T20:10:27.654483+00:00,0.1,2.0
Rice Owls vs. UT San Antonio Roadrunners,Rice Owls vs UTSA Roadrunners,spread,UT San Antonio Roadrunners (-9.5),-9.5,1.6667,-11.5,2.0,-9.5,1.675,0.5743329097839898,1.7411504424778763,-4.275933926302422,EXACT_ALT,-9.5,1.675,0.5743329097839898,1.7411504424778763,-4.275933926302422,2.0,4564378175,2026-10-03T20:10:22+00:00,2.0,1.6667,9.5,0,-4.275933926302422,WATCH,2026-10-03T20:10:27.654483+00:00,0.1,2.0
Arizona State Sun Devils vs. Baylor Bears,Arizona State Sun Devils vs Baylor Bears,spread,Baylor Bears (+5.5),5.5,1.6667,3.5,2.0,5.5,1.684,0.5719369598373157,1.7484444444444442,-4.675266903914577,EXACT_ALT,5.5,1.684,0.5719369598373157,1.7484444444444442,-4.675266903914577,2.0,4564183868,2026-10-03T20:10:22+00:00,2.0,1.6667,-5.5,0,-4.675266903914577,WATCH,2026-10-03T20:10:27.654483+00:00,0.1,2.0
FLORIDE DU SUD vs. Temple Owls,South Florida Bulls vs Temple Owls,spread,FLORIDE DU SUD (-3.5),-3.5,1.6667,-5.5,2.0,-3.5,1.694,0.5682976554536187,1.7596412556053815,-5.2818297655453765,EXACT_ALT,-3.5,1.694,0.5682976554536187,1.7596412556053815,-5.2818297655453765,2.0,4565187842,2026-10-03T20:10:22+00:00,2.0,1.6667,-3.5,0,-5.2818297655453765,WATCH,2026-10-03T20:10:27.654483+00:00,0.1,2.0
Louisiana Tech Bulldogs vs. Army Black Knights,Louisiana Tech Bulldogs vs Army Black Knights,total,Moins de 49.5,49.5,1.6667,47.5,2.0,49.5,1.68,0.5681233933161953,1.7601809954751133,-5.3108740359897215,EXACT_ALT,49.5,1.68,0.5681233933161953,1.7601809954751133,-5.3108740359897215,2.0,4567450993,2026-10-03T20:10:22+00:00,2.0,1.6667,49.5,0,-5.3108740359897215,WATCH,2026-10-03T20:10:27.654483+00:00,0.1,2.0
Wash State Cougars vs. FRESNO,Washington State Cougars vs Fresno State Bulldogs,total,Plus de 42.5,42.5,1.6667,44.5,2.0,42.5,1.724,0.5526725480020758,1.8093896713615023,-7.886066424494031,EXACT_ALT,42.5,1.724,0.5526725480020758,1.8093896713615023,-7.886066424494031,2.0,4567503524,2026-10-03T20:10:22+00:00,2.0,1.6667,42.5,0,-7.8860664244940315,WATCH,2026-10-03T20:10:27.654483+00:00,0.1,2.0
COLORADO vs. Oregon State Beavers,Colorado State Rams vs Oregon State Beavers,spread,Oregon State Beavers (-5.5),-5.5,1.7693,-7.0,1.5,-5.5,1.699,0.5664710385302374,1.765315315315315,0.2257208471549088,EXACT_ALT,-5.5,1.699,0.5664710385302374,1.765315315315315,0.2257208471549088,1.5,4564623903,2026-10-03T20:10:22+00:00,1.5,1.7693,5.5,0,0.2257208471549088,WATCH,2026-10-03T20:10:27.654483+00:00,0.1,1.7257208471549088
LSU Tigers vs. McNeese State Cowboys,LSU Tigers vs McNeese State Cowboys,total,Moins de 63.5,63.5,1.8334,62.0,1.5,63.5,1.763,0.5364186168814095,1.8642156862745096,-1.653010780962394,EXACT_ALT,63.5,1.763,0.5364186168814095,1.8642156862745096,-1.653010780962394,1.5,4592623940,2026-10-03T20:10:22+00:00,1.5,1.8334,63.5,0,-1.653010780962394,WATCH,2026-10-03T20:10:27.654483+00:00,0.1,1.5
Abilene Christian Wildcats vs. West Florida Argonauts,Abilene Christian Wildcats vs West Florida Argonauts,spread,West Florida Argonauts (+4.5),4.5,1.8334,3.0,1.5,,,,,,NO_EXACT_PIN_LINE,,,,,,1.5,4591553698,2026-10-03T20:10:22+00:00,1.5,1.8334,-4.5,0,,WATCH,2026-10-03T20:10:27.654483+00:00,0.1,1.5
UC Davis Aggies vs. Eastern Washington Eagles,UC Davis Aggies vs Eastern Washington Eagles,total,Moins de 62.5,62.5,1.8,61.0,1.5,,,,,,NO_EXACT_PIN_LINE,,,,,,1.5,4590833158,2026-10-03T20:10:22+00:00,1.5,1.8,62.5,0,,WATCH,2026-10-03T20:10:27.654483+00:00,0.1,1.5
Idaho State Bengals vs. Northern Arizona Lumberjacks,Idaho State Bengals vs Northern Arizona Lumberjacks,spread,Northern Arizona Lumberjacks (+8.5),8.5,1.8,7.0,1.5,,,,,,NO_EXACT_PIN_LINE,,,,,,1.5,4591703864,2026-10-03T20:10:22+00:00,1.5,1.8,-8.5,7,,WATCH,2026-10-03T20:10:27.654483+00:00,0.1,1.5
LSU Tigers vs. McNeese State Cowboys,LSU Tigers vs McNeese State Cowboys,spread,McNeese State Cowboys (+54.5),54.5,1.8,53.0,1.5,,,,,,NO_EXACT_PIN_LINE,,,,,,1.5,4585571829,2026-10-03T20:10:22+00:00,1.5,1.8,-54.5,7,,WATCH,2026-10-03T20:10:27.654483+00:00,0.1,1.5
Rutgers Scarlet Knights vs. Indiana Hoosiers,Rutgers Scarlet Knights vs Indiana Hoosiers,total,Plus de 55.5,55.5,1.7693,57.0,1.5,55.5,1.757,0.5432804782947751,1.8406698564593305,-3.8773849753054312,EXACT_ALT,55.5,1.757,0.5432804782947751,1.8406698564593305,-3.8773849753054312,1.5,4564515193,2026-10-03T20:10:22+00:00,1.5,1.7693,55.5,0,-3.8773849753054312,WATCH,2026-10-03T20:10:27.654483+00:00,0.1,1.5
USC Trojans vs. Washington Huskies,USC Trojans vs Washington Huskies,spread,Washington Huskies (+8.5),8.5,1.7693,7.0,1.5,8.5,1.8,0.5348837209302325,1.8695652173913044,-5.363023255813959,EXACT_ALT,8.5,1.8,0.5348837209302325,1.8695652173913044,-5.363023255813959,1.5,4549322175,2026-10-03T20:10:22+00:00,1.5,1.7693,-8.5,0,-5.363023255813959,WATCH,2026-10-03T20:10:27.654483+00:00,0.1,1.5
FLORIDE DU SUD vs. Temple Owls,South Florida Bulls vs Temple Owls,total,Moins de 49.5,49.5,1.7693,48.0,1.5,49.5,1.806,0.5279665446941976,1.8940594059405944,-6.586879247255617,EXACT_ALT,49.5,1.806,0.5279665446941976,1.8940594059405944,-6.586879247255617,1.5,4565187913,2026-10-03T20:10:22+00:00,1.5,1.7693,49.5,0,-6.586879247255617,WATCH,2026-10-03T20:10:27.654483+00:00,0.1,1.5
Illinois Fighting Illini vs. Purdue Boilermakers,Illinois Fighting Illini vs Purdue Boilermakers,spread,Illinois Fighting Illini (-8.5),-8.5,1.7693,-10.0,1.5,-8.5,1.84,0.5233160621761658,1.910891089108911,-7.409689119170981,EXACT_ALT,-8.5,1.84,0.5233160621761658,1.910891089108911,-7.409689119170981,1.5,4564347515,2026-10-03T20:10:22+00:00,1.5,1.7693,-8.5,0,-7.409689119170981,WATCH,2026-10-03T20:10:27.654483+00:00,0.1,1.5
Southern Illinois Salukis vs. Youngstown State Penguins,Southern Illinois Salukis vs Youngstown State Penguins,total,Moins de 64.5,64.5,1.7693,63.0,1.5,,,,,,NO_EXACT_PIN_LINE,,,,,,1.5,4591757170,2026-10-03T20:10:22+00:00,1.5,1.7693,64.5,7,,WATCH,2026-10-03T20:10:27.654483+00:00,0.1,1.5
Arizona Wildcats vs. Cincinnati Bearcats,Arizona Wildcats vs Cincinnati Bearcats,spread,Arizona Wildcats (-5.5),-5.5,1.7408,-7.0,1.5,-5.5,1.714,0.5609631147540983,1.782648401826484,-2.3475409836065664,EXACT_ALT,-5.5,1.714,0.5609631147540983,1.782648401826484,-2.3475409836065664,1.5,4564248680,2026-10-03T20:10:22+00:00,1.5,1.7408,-5.5,0,-2.3475409836065664,WATCH,2026-10-03T20:10:27.654483+00:00,0.1,1.5
South Carolina Gamecocks vs. Kentucky Wildcats,South Carolina Gamecocks vs Kentucky Wildcats,total,Moins de 54.5,54.5,1.7408,53.0,1.5,54.5,1.709,0.5582837942620832,1.791203703703704,-2.8139570948565678,EXACT_ALT,54.5,1.709,0.5582837942620832,1.791203703703704,-2.8139570948565678,1.5,4555844489,2026-10-03T20:10:22+00:00,1.5,1.7408,54.5,0,-2.8139570948565673,WATCH,2026-10-03T20:10:27.654483+00:00,0.1,1.5
Colorado Buffaloes vs. Texas Tech Red Raiders,Colorado Buffaloes vs Texas Tech Red Raiders,spread,Texas Tech Red Raiders (-12.5),-12.5,1.7408,-14.0,1.5,-12.5,1.729,0.5565529622980251,1.7967741935483872,-3.1152603231597964,EXACT_ALT,-12.5,1.729,0.5565529622980251,1.7967741935483872,-3.1152603231597964,1.5,4564337985,2026-10-03T20:10:22+00:00,1.5,1.7408,12.5,0,-3.1152603231597964,WATCH,2026-10-03T20:10:27.654483+00:00,0.1,1.5
TCU Horned Frogs vs. BYU Cougars,TCU Horned Frogs vs BYU Cougars,total,Moins de 49.5,49.5,1.7408,48.0,1.5,49.5,1.719,0.5545478103135527,1.8032710280373832,-3.464317180616749,EXACT_ALT,49.5,1.719,0.5545478103135527,1.8032710280373832,-3.464317180616749,1.5,4551169166,2026-10-03T20:10:22+00:00,1.5,1.7408,49.5,0,-3.4643171806167494,WATCH,2026-10-03T20:10:27.654483+00:00,0.1,1.5
Texas A&M Aggies vs. Arkansas Razorbacks,Texas A&M Aggies vs Arkansas Razorbacks,spread,Texas A&M Aggies (-12.5),-12.5,1.7408,-14.0,1.5,-12.5,1.74,0.5526992287917738,1.8093023255813956,-3.7861182519280168,EXACT_ALT,-12.5,1.74,0.5526992287917738,1.8093023255813956,-3.7861182519280168,1.5,4564383839,2026-10-03T20:10:22+00:00,1.5,1.7408,-12.5,0,-3.7861182519280168,WATCH,2026-10-03T20:10:27.654483+00:00,0.1,1.5
Coastal Carolina vs. Georgia Southern Eagles,Coastal Carolina Chanticleers vs Georgia Southern Eagles,total,Plus de 51.5,51.5,1.7408,53.0,1.5,51.5,1.729,0.5519564654055454,1.811737089201878,-3.915418502202661,EXACT_ALT,51.5,1.729,0.5519564654055454,1.811737089201878,-3.915418502202661,1.5,4568164574,2026-10-03T20:10:22+00:00,1.5,1.7408,51.5,0,-3.915418502202661,WATCH,2026-10-03T20:10:27.654483+00:00,0.1,1.5
Coastal Carolina vs. Georgia Southern Eagles,Coastal Carolina Chanticleers vs Georgia Southern Eagles,total,Moins de 54.5,54.5,1.7408,53.0,1.5,54.5,1.763,0.5412438199323446,1.8475961538461536,-5.780275826177461,EXACT_ALT,54.5,1.763,0.5412438199323446,1.8475961538461536,-5.780275826177461,1.5,4568164581,2026-10-03T20:10:22+00:00,1.5,1.7408,54.5,0,-5.780275826177461,WATCH,2026-10-03T20:10:27.654483+00:00,0.1,1.5
Clemson Tigers vs. Miami Hurricanes,Clemson Tigers vs Miami Hurricanes,total,Moins de 49.5,49.5,1.7408,48.0,1.5,49.5,1.775,0.5383615084525357,1.857487922705314,-6.282028608582591,EXACT_ALT,49.5,1.775,0.5383615084525357,1.857487922705314,-6.282028608582591,1.5,4395051153,2026-10-03T20:10:22+00:00,1.5,1.7408,49.5,0,-6.282028608582591,WATCH,2026-10-03T20:10:27.654483+00:00,0.1,1.5
Louisiana-Lafayette Ragin Cajuns vs. Arkansas St Red Wolves,Louisiana Ragin Cajuns vs Arkansas State Red Wolves,spread,Louisiana-Lafayette Ragin Cajuns (-4.5),-4.5,1.7408,-6.0,1.5,-4.5,1.787,0.5378846651150763,1.859134615384616,-6.365037496767534,EXACT_ALT,-4.5,1.787,0.5378846651150763,1.859134615384616,-6.365037496767534,1.5,4567463266,2026-10-03T20:10:22+00:00,1.5,1.7408,-4.5,0,-6.365037496767534,WATCH,2026-10-03T20:10:27.654483+00:00,0.1,1.5
Texas A&M Aggies vs. Arkansas Razorbacks,Texas A&M Aggies vs Arkansas Razorbacks,total,Moins de 51.5,51.5,1.7408,50.0,1.5,51.5,1.781,0.5363186670137984,1.8645631067961168,-6.637646446237988,EXACT_ALT,51.5,1.781,0.5363186670137984,1.8645631067961168,-6.637646446237988,1.5,4564384381,2026-10-03T20:10:22+00:00,1.5,1.7408,51.5,0,-6.637646446237988,WATCH,2026-10-03T20:10:27.654483+00:00,0.1,1.5
South Carolina Gamecocks vs. Kentucky Wildcats,South Carolina Gamecocks vs Kentucky Wildcats,total,Plus de 51.5,51.5,1.7408,53.0,1.5,51.5,1.781,0.535108326807622,1.8687804878048784,-6.848342469329172,EXACT_ALT,51.5,1.781,0.535108326807622,1.8687804878048784,-6.848342469329172,1.5,4555844482,2026-10-03T20:10:22+00:00,1.5,1.7408,51.5,0,-6.848342469329172,WATCH,2026-10-03T20:10:27.654483+00:00,0.1,1.5
COLORADO vs. Oregon State Beavers,Colorado State Rams vs Oregon State Beavers,total,Moins de 63.5,63.5,1.7408,62.0,1.5,63.5,1.787,0.5342715663278603,1.8717073170731704,-6.99400573364608,EXACT_ALT,63.5,1.787,0.5342715663278603,1.8717073170731704,-6.99400573364608,1.5,4564623951,2026-10-03T20:10:22+00:00,1.5,1.7408,63.5,0,-6.99400573364608,WATCH,2026-10-03T20:10:27.654483+00:00,0.1,1.5
South Alabama Jaguars vs. Louisiana-Monroe Warhawks,South Alabama Jaguars vs Louisiana-Monroe Warhawks,total,Plus de 55.5,55.5,1.7408,57.0,1.5,55.5,1.793,0.5322201930602661,1.878921568627451,-7.351108792068873,EXACT_ALT,55.5,1.793,0.5322201930602661,1.878921568627451,-7.351108792068873,1.5,4564450678,2026-10-03T20:10:22+00:00,1.5,1.7408,55.5,0,-7.351108792068873,WATCH,2026-10-03T20:10:27.654483+00:00,0.1,1.5
TCU Horned Frogs vs. BYU Cougars,TCU Horned Frogs vs BYU Cougars,spread,BYU Cougars (-4.5),-4.5,1.7408,-6.0,1.5,-4.5,1.813,0.5306756406937613,1.8843902439024391,-7.619984468030038,EXACT_ALT,-4.5,1.813,0.5306756406937613,1.8843902439024391,-7.619984468030038,1.5,4551169142,2026-10-03T20:10:22+00:00,1.5,1.7408,4.5,0,-7.619984468030038,WATCH,2026-10-03T20:10:27.654483+00:00,0.1,1.5
Florida Atlantic Owls vs. Texas Southern Tigers,Florida Atlantic Owls vs Texas Southern Tigers,spread,Florida Atlantic Owls (-45.5),-45.5,1.7408,-47.0,1.5,,,,,,NO_EXACT_PIN_LINE,,,,,,1.5,4591435623,2026-10-03T20:10:22+00:00,1.5,1.7408,-45.5,7,,WATCH,2026-10-03T20:10:27.654483+00:00,0.1,1.5
Illinois Fighting Illini vs. Purdue Boilermakers,Illinois Fighting Illini vs Purdue Boilermakers,spread,Purdue Boilermakers (+11.5),11.5,1.7143,10.0,1.5,11.5,1.719,0.5602455871066769,1.784931506849315,-3.9570990023023778,EXACT_ALT,11.5,1.719,0.5602455871066769,1.784931506849315,-3.9570990023023778,1.5,4564347468,2026-10-03T20:10:22+00:00,1.5,1.7143,-11.5,0,-3.9570990023023778,WATCH,2026-10-03T20:10:27.654483+00:00,0.1,1.5
Colorado Buffaloes vs. Texas Tech Red Raiders,Colorado Buffaloes vs Texas Tech Red Raiders,spread,Colorado Buffaloes (+15.5),15.5,1.7143,14.0,1.5,15.5,1.724,0.5584016393442623,1.7908256880733944,-4.273206967213106,EXACT_ALT,15.5,1.724,0.5584016393442623,1.7908256880733944,-4.273206967213106,1.5,4564337990,2026-10-03T20:10:22+00:00,1.5,1.7143,15.5,0,-4.273206967213106,WATCH,2026-10-03T20:10:27.654483+00:00,0.1,1.5
Clemson Tigers vs. Miami Hurricanes,Clemson Tigers vs Miami Hurricanes,total,Plus de 46.5,46.5,1.7143,48.0,1.5,46.5,1.709,0.5582837942620832,1.791203703703704,-4.293409149651084,EXACT_ALT,46.5,1.709,0.5582837942620832,1.791203703703704,-4.293409149651084,1.5,4395051146,2026-10-03T20:10:22+00:00,1.5,1.7143,46.5,0,-4.293409149651084,WATCH,2026-10-03T20:10:27.654483+00:00,0.1,1.5
South Alabama Jaguars vs. Louisiana-Monroe Warhawks,South Alabama Jaguars vs Louisiana-Monroe Warhawks,total,Moins de 58.5,58.5,1.7143,57.0,1.5,58.5,1.714,0.5564182194616978,1.7972093023255813,-4.6132246376811565,EXACT_ALT,58.5,1.714,0.5564182194616978,1.7972093023255813,-4.6132246376811565,1.5,4564450665,2026-10-03T20:10:22+00:00,1.5,1.7143,58.5,0,-4.6132246376811565,WATCH,2026-10-03T20:10:27.654483+00:00,0.1,1.5
Texas A&M Aggies vs. Arkansas Razorbacks,Texas A&M Aggies vs Arkansas Razorbacks,total,Plus de 48.5,48.5,1.7143,50.0,1.5,48.5,1.719,0.5556991470664254,1.7995348837209302,-4.736495218402692,EXACT_ALT,48.5,1.719,0.5556991470664254,1.7995348837209302,-4.736495218402692,1.5,4564384374,2026-10-03T20:10:22+00:00,1.5,1.7143,48.5,0,-4.736495218402692,WATCH,2026-10-03T20:10:27.654483+00:00,0.1,1.5
Texas A&M Aggies vs. Arkansas Razorbacks,Texas A&M Aggies vs Arkansas Razorbacks,spread,Arkansas Razorbacks (+15.5),15.5,1.7143,14.0,1.5,15.5,1.735,0.5545571245186136,1.8032407407407407,-4.932272143774075,EXACT_ALT,15.5,1.735,0.5545571245186136,1.8032407407407407,-4.932272143774075,1.5,4564383586,2026-10-03T20:10:22+00:00,1.5,1.7143,-15.5,0,-4.932272143774075,WATCH,2026-10-03T20:10:27.654483+00:00,0.1,1.5
COLORADO vs. Oregon State Beavers,Colorado State Rams vs Oregon State Beavers,total,Plus de 60.5,60.5,1.7143,62.0,1.5,60.5,1.735,0.5499351491569391,1.818396226415094,-5.724617380025931,EXACT_ALT,60.5,1.735,0.5499351491569391,1.818396226415094,-5.724617380025931,1.5,4564623944,2026-10-03T20:10:22+00:00,1.5,1.7143,60.5,0,-5.724617380025931,WATCH,2026-10-03T20:10:27.654483+00:00,0.1,1.5
Rutgers Scarlet Knights vs. Indiana Hoosiers,Rutgers Scarlet Knights vs Indiana Hoosiers,total,Moins de 58.5,58.5,1.7143,57.0,1.5,58.5,1.746,0.546021840873635,1.8314285714285712,-6.395475819032748,EXACT_ALT,58.5,1.746,0.546021840873635,1.8314285714285712,-6.395475819032748,1.5,4564515198,2026-10-03T20:10:22+00:00,1.5,1.7143,58.5,0,-6.395475819032748,WATCH,2026-10-03T20:10:27.654483+00:00,0.1,1.5
TCU Horned Frogs vs. BYU Cougars,TCU Horned Frogs vs BYU Cougars,total,Plus de 46.5,46.5,1.7143,48.0,1.5,46.5,1.751,0.5441291330382713,1.837799043062201,-6.7199427232491615,EXACT_ALT,46.5,1.751,0.5441291330382713,1.837799043062201,-6.7199427232491615,1.5,4551168718,2026-10-03T20:10:22+00:00,1.5,1.7143,46.5,0,-6.7199427232491615,WATCH,2026-10-03T20:10:27.654483+00:00,0.1,1.5
FLORIDE DU SUD vs. Temple Owls,South Florida Bulls vs Temple Owls,total,Plus de 46.5,46.5,1.6897,48.0,1.5,46.5,1.699,0.5608684414577411,1.7829493087557602,-5.230059446885493,EXACT_ALT,46.5,1.699,0.5608684414577411,1.7829493087557602,-5.230059446885493,1.5,4565187908,2026-10-03T20:10:22+00:00,1.5,1.6897,46.5,0,-5.230059446885493,WATCH,2026-10-03T20:10:27.654483+00:00,0.1,1.5
Hawaii Rainbow Warriors vs. San Jose State Spartans,Hawaii Rainbow Warriors vs San Jose State Spartans,spread,Hawaii Rainbow Warriors (-1.5),-1.5,1.6897,-3.0,1.5,-1.5,1.719,0.5602455871066769,1.784931506849315,-5.335303146584803,EXACT_ALT,-1.5,1.719,0.5602455871066769,1.784931506849315,-5.335303146584803,1.5,4564604055,2026-10-03T20:10:22+00:00,1.5,1.6897,-1.5,0,-5.335303146584803,WATCH,2026-10-03T20:10:27.654483+00:00,0.1,1.5
LSU Tigers vs. McNeese State Cowboys,LSU Tigers vs McNeese State Cowboys,spread,LSU Tigers (-51.5),-51.5,1.6897,-53.0,1.5,,,,,,NO_EXACT_PIN_LINE,,,,,,1.5,4577604886,2026-10-03T20:10:22+00:00,1.5,1.6897,-51.5,7,,WATCH,2026-10-03T20:10:27.654483+00:00,0.1,1.5
Arizona Wildcats vs. Cincinnati Bearcats,Arizona Wildcats vs Cincinnati Bearcats,spread,Cincinnati Bearcats (+8.5),8.5,1.6667,7.0,1.5,8.5,1.704,0.5646397547266224,1.7710407239819004,-5.891492079713833,EXACT_ALT,8.5,1.704,0.5646397547266224,1.7710407239819004,-5.891492079713833,1.5,4564248683,2026-10-03T20:10:22+00:00,1.5,1.6667,-8.5,0,-5.891492079713833,WATCH,2026-10-03T20:10:27.654483+00:00,0.1,1.5
Louisiana Tech Bulldogs vs. Army Black Knights,Louisiana Tech Bulldogs vs Army Black Knights,spread,Army Black Knights (+2.5),2.5,1.6667,1.0,1.5,2.5,1.775,0.5419354838709678,1.8452380952380951,-9.675612903225794,EXACT_ALT,2.5,1.775,0.5419354838709678,1.8452380952380951,-9.675612903225794,1.5,4567451088,2026-10-03T20:10:22+00:00,1.5,1.6667,-2.5,0,-9.675612903225794,WATCH,2026-10-03T20:10:27.654483+00:00,0.1,1.5
