contract_type,match,player,market_type,direction,gp_line,gp_selection,gp_price,pin_line_ref,pin_price,pin_fair_price,pin_fair_prob,ev_pct,gp_odd_id
EXACT_OU,SF 49ers		 vs. DEN Broncos,Jaylen Waddle,playertotals-receptions,Under,4.5,Jaylen Waddle (DEN) moins de 4.5,2.0,4.5,1.724,1.8450980392156864,0.5419766206163655,8.395324123273106,4568362458
EXACT_OU,SF 49ers		 vs. DEN Broncos,Courtland Sutton,playertotals-receptions,Under,3.5,Courtland Sutton (DEN) moins de 3.5,1.9091,3.5,1.657,1.7742990654205606,0.5636028443508033,7.597419015011853,4568361585
EXACT_OU,BUF Bills vs. NE Patriots,Dalton Kincaid,playertotals-receptions,Over,4.5,Dalton Kincaid (BUF) Plus de 4.5,2.15,4.5,1.869,2.0,0.5,7.499999999999996,4574392677
EXACT_OU,BUF Bills vs. NE Patriots,Hunter Henry,playertotals-receptions,Over,3.5,Hunter Henry (NE) Plus de 3.5,2.15,3.5,1.925,2.05827377680044,0.485844017094017,4.45646367521364,4571042879
EXACT_OU,CAR Panthers vs. DET Lions,Amon-Ra St. Brown,playertotals-receptions,Over,6.5,Amon-Ra St. Brown (DET) Plus de 6.5,1.8696,6.5,1.675,1.7900943396226412,0.5586297760210804,4.441422924901195,4566583753
EXACT_OU,TB Buccaneers vs. GB Packers,Christian Watson,playertotals-receptions,Over,4.5,Christian Watson (GB) Plus de 4.5,1.8334,4.5,1.649,1.763425925925926,0.5670779732213179,3.9680756103964265,4566962323
EXACT_OU,PHI Eagles vs. LA Rams,Makai Lemon,playertotals-receptions,Over,2.5,Makai Lemon (PHI) Plus de 2.5,1.7693,2.5,1.606,1.7201793721973098,0.58133472367049,2.8555526590198,4570880890
EXACT_OU,HOU Texans vs. DAL Cowboys,Dalton Schultz,playertotals-receptions,Over,4.5,Dalton Schultz (HOU) Plus de 4.5,1.8696,4.5,1.699,1.8207729468599032,0.5492172990183073,2.681666224462731,4568337677
EXACT_OU,TB Buccaneers vs. GB Packers,Bucky Irving,playertotals-receptions,Over,2.5,Bucky Irving (TB) Plus de 2.5,2.05,2.5,1.877,2.0,0.5,2.499999999999991,4566963419
EXACT_OU,PHI Eagles vs. LA Rams,Devonta Smith,playertotals-receptions,Over,5.5,Devonta Smith (PHI) Plus de 5.5,1.8,5.5,1.649,1.763425925925926,0.5670779732213179,2.074035179837219,4577516881
